Company Name,Location,Sector,Amount,Stage,Funding Year
PayMe India,Noida,FINANCE,2000000,Others,2018
Hasura,Bengaluru,AI,1600000,Others,2018
Pitstop,Bengaluru,EV,1460000,Others,2018
Fyle,Bengaluru,FINANCE,1100000,Others,2018
Cogoport,MumbAI,EV,6000000,Series A,2018
Pando,ChennAI,OTHERS,2000000,Others,2018
Mintifi,MumbAI,FINANCE,2000000,Others,2018
Carcrew,MumbAI,EV,2000000,Others,2018
Loadshare,Bengaluru,EV,5000000,Series A,2018
Yumlane,MumbAI,FOOD,4000000,Series A,2018
Kaleidofin,ChennAI,FINANCE,2800000,Others,2018
Letstrack,New Delhi,OTHERS,1700000,Others,2018
Finzy,Bangalore,FINANCE,1300000,Others,2018
Fitternity,MumbAI,HEALTH,2000000,Others,2018
myUpchar,New Delhi,HEALTH,5000000,Series A,2018
MissMalini EntertAInment,MumbAI,ENTERTAINMENT,1518400,Others,2018
ZestMoney,Bangalore,AI,13400000,Series A,2018
Inthree Access,ChennAI,OTHERS,4000000,Series A,2018
BUGWORKS Research India,Bangalore,EV,9000000,Series A,2018
Hansel.io,Bangalore,OTHERS,4000000,Series A,2018
Racetrack,Bangalore,EV,4993200,Others,2018
FabAlley,Noida,FINANCE,8760000,Series B,2018
SBI Life,MumbAI,FINANCE,742000000,Others,2018
Studds Accessories,Faridabad,FINANCE,14600000,Others,2018
Design Cafe,Bengaluru,OTHERS,29200000,Series B,2018
NoPaperForms Solutions Pvt. Ltd.,New Delhi,EV,3980000,Series B,2018
Rays Power Infra,JAIpur,OTHERS,29200000,Others,2018
LetsTransport,Bangalore,OTHERS,14600000,Series B,2018
Portea HEALTH,Bangalore,HEALTH,3650000,Others,2018
Aavas Financiers,JAIpur,FINANCE,29200000,Others,2018
Swiggy,Bangalore,FOOD,1000000000,Series H,2018
FOODbasket,Haryana,FINANCE,7000000,Series A,2018
Toppr,MumbAI,EV,35000000,Series C,2018
Jagaran Microfin,Kolkata,ENTERTAINMENT,8030000,Others,2018
Vivriti Capital,ChennAI,FINANCE,28500000,Others,2018
Impact Guru,MumbAI,OTHERS,2000000,Series A,2018
MobiKwik,Gurgaon,OTHERS,3504000,Series E,2018
DataTrAIned,Bangalore,EV,1752000,Others,2018
OneAssist,MumbAI,FINANCE,2400000,Others,2018
Satin FINANCEcare Network Limited (SCNL),New Delhi,FINANCE,30000000,Others,2018
APAC FINANCE,MumbAI,FINANCE,36500000,Others,2018
Moglix,Noida,OTHERS,23000000,Series C,2018
Shop101,MumbAI,OTHERS,11000000,Series B,2018
Housejoy,Bengaluru,OTHERS,3240000,Series B,2018
Ninjacart,Bengaluru,AI,36500000,Series B,2018
BYJUâS,Bangalore,EV,540000000,Others,2018
Wakefit,Bangalore,EV,9490000,Others,2018
Hero Electric,New Delhi,EV,23360000,Others,2018
Roposo,Gurgaon,AI,10000000,Series C,2018
Wow Venue,MumbAI,OTHERS,1500000,Others,2018
Boodmo,Gurgaon,EV,1022000,Others,2018
HalaPlay EVnologies,Bangalore,ENTERTAINMENT,5000000,Series A,2018
WheelsEMI,Pune,ENTERTAINMENT,14000000,Series B,2018
Forum for Innovation Incubation Research and Entrepreneurship,MargÃ£o,FINANCE,1496500,Others,2018
OYO,Gurgaon,HEALTH,100000000,Series E,2018
Quikr,Bangalore,OTHERS,8030000,Others,2018
Shopkirana,Indore,FINANCE,2000000,Others,2018
BuildSupply,Gurgaon,OTHERS,3650000,Series A,2018
Fusion MicroFINANCE,New Delhi,FINANCE,75920000,Series E,2018
ION Energy,MumbAI,OTHERS,1041000,Others,2018
Credy,Bengaluru,FINANCE,1400000,Others,2018
iChamp,Gurgaon,OTHERS,5000000,Others,2018
Qandle,Gurgaon,AI,1200000,Others,2018
Doodhwala,Bengaluru,FOOD,2200000,Others,2018
FastFox,Gurgaon,OTHERS,1460000,Series A,2018
BuyForexOnline,Bangalore,OTHERS,2000000,Others,2018
Colive.in,Bangalore,OTHERS,1800000,Others,2018
Pandorum EVnologies,Bengaluru,EV,3600000,Series A,2018
Rupeek,Bangalore,FINANCE,6830000,Series A,2018
Backpacker Panda Holidays Private Limited,Pune,OTHERS,1400000,Series A,2018
Placio,Noida,HEALTH,2000000,Others,2018
Aviom India Housing FINANCE,New Delhi,FINANCE,2190000,Series A,2018
Pratilipi,Bengaluru,OTHERS,4300000,Series A,2018
Tricog Health Services Pvt Ltd,Bangalore,HEALTH,4000000,Series A,2018
Ekincare,Hyderabad,HEALTH,1500000,Series A,2018
NiYO Solutions,Bangalore,FINANCE,13200000,Series A,2018
Planys EVnologies,ChennAI,EV,2046920,Series A,2018
HealthPlix,Bangalore,HEALTH,3000000,Series A,2018
Entropik EVnology,Bengaluru,EV,1100000,Others,2018
Trell,Bangalore City,ENTERTAINMENT,1250000,Others,2018
HousingMan.com,Bengaluru,ENTERTAINMENT,1503800,Others,2018
The Ken,Bengaluru,OTHERS,1500000,Series A,2018
SaffronStays,MumbAI,ENTERTAINMENT,2000000,Others,2018
Foyr,Pune,OTHERS,4200000,Series A,2018
Wishberry,MumbAI,OTHERS,1460000,Series A,2018
McXtra,Andheri,FINANCE,1300000,Others,2018
SmartVizX,Noida,AI,1450000,Others,2018
HungerBox,Bengaluru,OTHERS,4500000,Series A,2018
edureka!,Bangalore,OTHERS,2000000,Series A,2018
Wow Express,MumbAI,OTHERS,4500000,Series A,2018
IndiQube,Bengaluru,FINANCE,15000000,Series A,2018
Locus.sh,Bangalore,AI,4000000,Series A,2018
Smartcoin,Bangalore,AI,2000000,Others,2018
Doxper,MumbAI,HEALTH,1051200,Others,2018
CoinGeto,Delhi,OTHERS,1752000,Others,2018
AvAIl FINANCE,Bangalore,FINANCE,17200000,Series A,2018
Picture TIme,New Delhi,ENTERTAINMENT,3650000,Others,2018
1Crowd,MumbAI,OTHERS,3500000,Others,2018
Wellthy Therapeutics Pvt Ltd,MumbAI,HEALTH,1971000,Others,2018
Livehealth,Pune,HEALTH,1100000,Others,2018
Buddy4Study.com,Noida,OTHERS,3000000,Series A,2018
Toffee,Gurgaon,ENTERTAINMENT,1500000,Others,2018
ORO Wealth,MumbAI,ENTERTAINMENT,1600000,Series A,2018
Acko General FINANCE,MumbAI,FINANCE,12000000,Series A,2018
Aashiyaan Housing and DEVelopment FINANCE,Kolkata,FINANCE,1971000,Others,2018
BetterPlace Safety Solutions Pvt. Ltd.,Bangalore City,OTHERS,3000000,Series A,2018
mfine,Bengaluru,HEALTH,4200000,Series A,2018
Wicked Ride Adventure Services Private Limited,Bangalore,EV,10000000,Others,2018
ERUDITUS Executive Education,MumbAI,OTHERS,40000000,Series C,2018
Square Off,MumbAI,FOOD,1100000,Others,2018
UrbanClap,Delhi,OTHERS,50000000,Series D,2018
Hospals,New Delhi,HEALTH,1500000,Others,2018
Kogta Financial India Limited,JAIpur,FINANCE,22484000,Series B,2018
The Souled Store,MumbAI,OTHERS,3000000,Others,2018
Drivezy,Bengaluru,EV,100000000,Others,2018
Freyr Energy,Hyderabad,OTHERS,1500000,Series A,2018
NIRAMAI Health Analytix,Bangalore,HEALTH,6000000,Others,2018
CloudSek,Bengaluru,EV,2044000,Others,2018
Verloop,Bangalore,OTHERS,3000000,Series A,2018
InCred,MumbAI,FINANCE,41900000,Others,2018
Vedantu,Bangalore,EV,11000000,Series B,2018
Stelis HEALTH,Bangalore,HEALTH,100000000,Series B,2018
Magicpin,Gurgaon,FINANCE,20586000,Series C,2018
Mech Mocha,Bangalore,ENTERTAINMENT,3530000,Series B,2018
Aye FINANCE,Gurgaon,FINANCE,1051200,Others,2018
Detect EVnologies,ChennAI,FOOD,3300000,Series A,2018
Signzy,Bangalore,OTHERS,3504000,Series A,2018
CropIn EVnologies,Bengaluru,OTHERS,8468000,Series B,2018
Yaantra,Delhi,AI,2000000,Others,2018
HealthifyMe,Bangalore,OTHERS,6000000,Series B,2018
Perpule,Bangalore,OTHERS,4964000,Series A,2018
Royal Sundaram General FINANCE Co. Limited,Kalpakkam,HEALTH,210000000,Others,2018
DRIVEU,Bengaluru,OTHERS,1022000,Others,2018
Spinny,Gurgaon,FINANCE,11000000,Series A,2018
Dunzo,Bangalore,OTHERS,1022000,Others,2018
Mobile Premier League (MPL),Bengaluru,OTHERS,5000000,Series A,2018
WalMart India,Gurgaon,FINANCE,37680000,Others,2018
Meesho,Bangalore,FINANCE,50000000,Series C,2018
Lucideus,New Delhi,OTHERS,5000000,Others,2018
Sukkhi Jewellery,MumbAI,OTHERS,7446000,Others,2018
INDwealth,Gurgaon,FINANCE,32120000,Others,2018
Medikabazaar,MumbAI,OTHERS,5000000,Series A,2018
Duroflex Pvt. Ltd.,Alleppey,OTHERS,22000000,Others,2018
Healthkart,Gurgaon,FINANCE,10000000,Others,2018
Indiabulls Ventures,MumbAI,FINANCE,224723200,Others,2018
Vistara,Haryana,OTHERS,292000000,Others,2018
ClearTax,New Delhi,FINANCE,58400000,Series B,2018
Azure Power,New Delhi,OTHERS,185000000,Others,2018
Cube,MumbAI,FINANCE,2044000,Series A,2018
Twenty Two Motors,Haryana,EV,65000000,Others,2018
Truebil,MumbAI,EV,2000000,Series A,2018
Worxogo,Bangalore,EV,2409000,Series A,2018
Vivish EVnologies (myGate),Bengaluru,OTHERS,9490000,Series A,2018
Veritas FINANCE,Guindy,FINANCE,30000000,Others,2018
GoZefo,Bangalore,OTHERS,3066000,Others,2018
Zomato,Gurgaon,FOOD,210000000,Others,2018
Innov8 Coworking,New Delhi,OTHERS,4000000,Others,2018
Blackbuck,Bengaluru,AI,29632160,Series D,2018
Cardekho,Gurgaon,EV,75000000,Series C,2018
ElasticRun,Pune,OTHERS,8760000,Series B,2018
Droom EVnology Private Limited,Gurgaon,EV,30000000,Series E,2018
Vogo Rentals,Kormangala,OTHERS,1168000,Others,2018
LivQuik,MumbAI,OTHERS,2700000,Others,2018
9stacks,Delhi,OTHERS,4088000,Series A,2018
Origo,Gurgaon,ENTERTAINMENT,11680000,Others,2018
Vahdam Teas,New Delhi,FINANCE,2500000,Series B,2018
PharmEasy,MumbAI,HEALTH,80000000,Series C,2018
Licious,Bengaluru,OTHERS,25000000,Series C,2018
Stanza Living,New Delhi,HEALTH,10658000,Others,2018
Bounce (Metro Bikes),Bangalore,AI,3000000,Others,2018
Goals101,Delhi,FINANCE,3500000,Others,2018
Satya MicroCapital,New Delhi,FINANCE,5840000,Others,2018
Ummeed Housing FINANCE Private Limited,Haryana,FINANCE,8760000,Series C,2018
StockEdge,Kolkata,AI,1100000,Others,2018
Sequretek,MumbAI,ENTERTAINMENT,3700000,Others,2018
Avenues Payments India Pvt. Ltd.,MumbAI,ENTERTAINMENT,1300000,Others,2018
Qbera,Bangalore,FINANCE,2044000,Others,2018
Urban Ladder,Bangalore,FINANCE,5600000,Others,2018
Planet11 eCommerce Solutions India (Avenue11),Bengaluru,ENTERTAINMENT,3796000,Others,2018
Iba Halal Care,Ahmedabad,ENTERTAINMENT,2190000,Series A,2018
ShareChat,Bangalore,AI,99230000,Series C,2018
Livspace,Bangalore,FINANCE,70000000,Series C,2018
Leena AI,Gurgaon,FOOD,2000000,Others,2018
GoBolt,New Delhi,OTHERS,5840000,Others,2018
Ola,Kormangala,OTHERS,50000000,Others,2018
DocPrime,Haryana,HEALTH,50000000,Others,2018
CLP India Pvt. Ltd.,MumbAI,OTHERS,365000000,Others,2018
Vokal,Bengaluru,AI,1500000,Series A,2018
Kissht,MumbAI,FINANCE,30000000,Series C,2018
Upwards FinEV,MumbAI,FINANCE,5000000,Series A,2018
Bon(Bonfleet Solutions),Pune,FINANCE,1138800,Others,2018
Mamaearth,Gurgaon,FINANCE,4000000,Series A,2018
Belstar Investment and FINANCE Private Limited,ChennAI,FINANCE,28000000,Others,2018
Naaptol,MumbAI,FINANCE,15000000,Others,2018
Verzeo,Bangalore,OTHERS,5000000,Series A,2018
Flyrobe,MumbAI,OTHERS,3854400,Series B,2018
Dream11,MumbAI,OTHERS,100000000,Series D,2018
Nykaa,MumbAI,OTHERS,16498000,Others,2018
Chaayos,New Delhi,FOOD,11826000,Series B,2018
LT FOODs,New Delhi,FOOD,20440000,Others,2018
DAIlyhunt,Bangalore,EV,6000000,Series E,2018
SlicePay,Bengaluru,OTHERS,14900000,Series A,2018
Udaan,Bangalore,OTHERS,225000000,Series C,2018
Netmeds,ChennAI,EV,35000000,Series C,2018
Ruangguru,MumbAI,EV,150000000,Series C,2019
Eduisfun,MumbAI,EV,28000000,Others,2019
HomeLane,ChennAI,OTHERS,30000000,Series D,2019
Lenskart,Delhi,FINANCE,275000000,Series G,2019
Kaleidofin,ChennAI,OTHERS,5000000,Series A,2019
Zest Money,Bangalore,OTHERS,15000000,Series B,2019
Seekify,Delhi,AI,1500000,Others,2019
Toffee FINANCE,Haryana,OTHERS,5500000,Series A,2019
HungerBox,Bangalore,OTHERS,12000000,Series C,2019
Licious,Bangalore,FOOD,30000000,Series E,2019
HappyEasyGo,Gurugram,OTHERS,49400000,Others,2019
Zetwerk,Bangalore,EV,32000000,Series B,2019
Observe.AI,Bangalore,AI,26000000,Series A,2019
Trell,Bangalore,ENTERTAINMENT,2000000,Others,2019
Rein Games,Noida,OTHERS,50000000,Others,2019
Ecozen,Pune,EV,6000000,Series A,2019
Purplle,MumbAI,OTHERS,30000000,Series C,2019
Freightwalla,MumbAI,OTHERS,4000000,Series A,2019
Moms Co,New Delhi,FINANCE,5000000,Series B,2019
Licious,Bangalore,FOOD,25000000,Series D,2019
CarDekho,JAIpur,OTHERS,70000000,Series D,2019
Shadowfax,Bangalore,OTHERS,60000000,Series D,2019
IndyFint,Bangalore,OTHERS,2100000,Series A,2019
Infra.Market,MumbAI,OTHERS,20000000,Series A,2019
GoMechanic,Delhi,OTHERS,5000000,Series B,2019
Rupeek,Bangalore,OTHERS,45000000,Series C,2020
Slurrp Farm,Gurgaon,OTHERS,2000000,Series A,2020
Shiprocket,New Delhi,FINANCE,7500000,Series C,2020
CoinDCX,MumbAI,OTHERS,10000000,Series B,2020
Arya,Noida,EV,21000000,Series B,2020
WakeFit,Bangalore,FINANCE,20000000,Series B,2020
PagarBook,Bangalore,AI,15000000,Series A,2020
Infinite Uptime,Pune,OTHERS,5100000,Series B,2020
Loop Health,Pune,OTHERS,2300000,Others,2020
Atomberg EVnologies,MumbAI,OTHERS,9000000,Series B,2020
DealShare,JAIpur,FINANCE,21000000,Series C,2020
CueMath,Bangalore,EV,40000000,Series C,2020
5C Network,Bangalore,OTHERS,1200000,Others,2020
Mihup,Kolkata,OTHERS,1500000,Series A,2020
WayCool FOODs,ChennAI,EV,7800000,Debt,2020
Infra.Market,Thane,OTHERS,20000000,Series B,2020
Clovia,Noida,FINANCE,4000000,Others,2020
CRED,Bangalore,OTHERS,80000000,Series C,2020
NewsReach,Gujarat,OTHERS,1500000,Others,2020
Cashfree,Bangalore,OTHERS,35000000,Series B,2020
Credgenics,New Delhi,OTHERS,3000000,Others,2020
Country Delight,Haryana,OTHERS,25000000,Series C,2020
Quintype,Bangalore,OTHERS,3500000,Series A,2020
CARS24,Haryana,FINANCE,200000000,Series E,2020
Cityflo,MumbAI,EV,7000000,Series A,2020
Credgenics,Gurugram,OTHERS,3000000,Others,2020
Shipsy,Gurugram,AI,6000000,Series A,2020
Yellow Classes,Gurugram,EV,1300000,Others,2020
Country Delight,Haryana,OTHERS,25000000,Series C,2020
PlayerzPot,MumbAI,OTHERS,3000000,Series A,2020
True Balance,Gurugram,OTHERS,28000000,Series C,2020
Nepra,Ahmedabad,EV,18000000,Series C,2020
MindTickle,Pune,OTHERS,100000000,Debt,2020
Slice,Bangalore,OTHERS,5000000,Debt,2020
BitClass,Bangalore,OTHERS,2000000,Others,2020
Uolo,Bangalore,EV,2000000,Others,2020
FrontRow,Bangalore,EV,3200000,Others,2020
Ather Energy,Bangalore,OTHERS,35000000,Series D,2020
Eggoz,Indore,OTHERS,1500000,Others,2020
CHARGE+ZONE,Gujarat,OTHERS,3000000,Others,2020
Stones2milestones,Gurugram,EV,2000000,Others,2020
Udacity,California,EV,75000000,Debt,2020
Gully Network,Bangalore,FINANCE,1200000,Others,2020
FlexiLoans,MumbAI,OTHERS,6000000,Debt,2020
FreshtoHome,Bangalore,FINANCE,121000000,Series C,2020
RAIlofy,MumbAI,EV,5000000,Others,2020
Teachmint,Bangalore,EV,3500000,Others,2020
Credgenics,Gurugram,OTHERS,3300000,Others,2020
JumbotAIl,Bangalore,FINANCE,11000000,Others,2020
mCaffeine,MumbAI,OTHERS,5000000,Series B,2020
Pocket FM,Bangalore,OTHERS,5000000,Series A,2020
JumbotAIl,Bangalore,FINANCE,11000000,Others,2020
Origo,Gurugram,EV,4000000,Debt,2020
GetVantage,MumbAI,OTHERS,5000000,Others,2020
Betterplace,Bangalore,OTHERS,10000000,Series B,2020
InVideo,MumbAI,OTHERS,15000000,Series A,2020
Arzooo,Bangalore,OTHERS,7500000,Series A,2020
Hubilo,San Francisco,OTHERS,4500000,Others,2020
BASIC Home Loan,Gurugram,OTHERS,5000000,Others,2020
SUGAR cosmetics,MumbAI,OTHERS,2000000,Debt,2020
Tekion,San Ramon,OTHERS,150000000,Series C,2020
VitalEV,Plano,OTHERS,3000000,Others,2020
Ultraviolette EV,Bangalore,OTHERS,4000000,Series B,2020
GoodGamer,Bangalore,OTHERS,2500000,Others,2020
InnAccel,Bangalore,OTHERS,1500000,Others,2020
ShopUp,Bangaldesh,FINANCE,22000000,Series A,2020
Dukaan,MumbAI,OTHERS,6000000,Others,2020
TREAD,Bangalore,OTHERS,1100000,Others,2020
Fleetx,Gurugram,OTHERS,3000000,Others,2020
Avataa Me,Bangalore,OTHERS,7000000,Series A,2020
ClAIr,New York,OTHERS,4500000,Others,2020
Miko,MumbAI,OTHERS,3000000,Others,2020
Razorpay,Bangalore,OTHERS,100000000,Series D,2020
Wow! Momo,Kolkata,OTHERS,5000000,Debt,2020
Pepper Content,MumbAI,OTHERS,4200000,Series A,2020
LIVSPACE,Bangalore,OTHERS,4000000,Debt,2020
Unnati,Noida,EV,1700000,Others,2020
Disprz,ChennAI,EV,1600000,Others,2020
Uni,MumbAI,OTHERS,18500000,Others,2020
FINANCE Wise Capital,MumbAI,OTHERS,6000000,Others,2020
Chargebee,San Francisco Bay Area,OTHERS,55000000,Series F,2020
Livve,Cochin,OTHERS,1500000,Others,2020
Ergos,Samastipur,EV,5000000,Series A,2020
NirogStreet,Gurugram,OTHERS,2000000,Others,2020
GPS Renewables,Bangalore,EV,3000000,Series A,2020
Coralogix,San Francisco,OTHERS,25000000,Series B,2020
SquadStack,San Francisco,OTHERS,5000000,Series A,2020
FINANCEpeer,MumbAI,EV,3000000,Others,2020
Cashify,Gurugram,FINANCE,10000000,Debt,2020
Etrio,Hyderabad,OTHERS,3000000,Series A,2020
StayQrious,Bangalore,EV,2000000,Others,2020
Sunstone Eduversity,Gurugram,EV,3000000,Series A,2020
Infilect,Bangalore,OTHERS,1500000,Others,2020
Samunnati,ChennAI,OTHERS,20000000,Debt,2020
Yummy Corp,Tangerang,OTHERS,12000000,Series B,2020
Smallcase,Bangalore,OTHERS,13400000,Series B,2020
ClAIrvolex,California,OTHERS,2000000,Debt,2020
Brinton,California,OTHERS,1300000,Debt,2020
Infarm,Berlin,EV,170000000,Series C,2020
Zuper,Seattle,OTHERS,1100000,Others,2020
mCaffeine,MumbAI,OTHERS,2900000,Series B,2020
Origa,Andheri,OTHERS,2000000,Debt,2020
MPL,Bangalore,OTHERS,90000000,Series C,2020
Penny,Riyadh,OTHERS,1300000,Others,2020
Onsitego,MumbAI,OTHERS,30000000,Series B,2020
SmartClean,Singapore,OTHERS,3400000,Others,2020
Servify,MumbAI,OTHERS,23000000,Series C,2020
ShareChat,Bangalore,ENTERTAINMENT,40000000,Others,2020
Rephrase.AI,Bangalore,AI,1500000,Others,2020
Melorra,Bangalore,OTHERS,8090000,Debt,2020
FabHotels,Gurugram,HEALTH,1030000,Series B,2020
EkAnek,New Delhi,OTHERS,5040000,Others,2020
Zimyo,Gurgaon,OTHERS,1500000,Others,2020
Moms Co,Gurgaon,HEALTH,8000000,Series B,2020
DillyHub,Seoul,OTHERS,1400000,Others,2020
FPL EVnologies,Pune,OTHERS,10000000,Series A,2020
FITTR,Pune,OTHERS,2000000,Others,2020
CashKaro,Gurgaon,FINANCE,10000000,Series B,2020
AIrmeet,Bangalore,OTHERS,12000000,Series A,2020
Observe AI,San Francisco,EV,54000000,Series B,2020
InCred,MumbAI,FINANCE,5000000,Debt,2020
Toppr,MumbAI,EV,35000000,Series D,2020
CarTrade,MumbAI,OTHERS,42500000,Series H,2020
LEAD School,MumbAI,OTHERS,28000000,Series C,2020
Servify,MumbAI,EV,11370000,Series C,2020
Lido Learning,MumbAI,EV,7500000,Series B,2020
Apna.co,Bangalore,OTHERS,8000000,Series A,2020
Dunzo,Bangalore,EV,28000000,Series E,2020
Entropik,Bangalore,OTHERS,8000000,Series A,2020
Livspace,Bangalore,OTHERS,9000000,Series D,2020
WinZO,New Delhi,OTHERS,18000000,Series B,2020
SenseHawk,Bangalore,OTHERS,5000000,Series A,2020
AIbono,Bangalore,EV,2000000,Others,2020
Homelane,Bangalore,OTHERS,8000000,Others,2020
Flinto,ChennAI,OTHERS,7000000,Others,2020
WayCool,ChennAI,OTHERS,5060000,Series C,2020
YAP,ChennAI,AI,4050000,Series A,2020
Big Bang Boom Solutions,ChennAI,AI,1050000,Series A,2020
BluSmart,Gurugram,OTHERS,7000000,Others,2020
MPL,Bangalore,OTHERS,50000000,Series B,2020
Groww,Bangalore,OTHERS,30000000,Series C,2020
i3 Systems,MumbAI,OTHERS,1050000,Others,2020
Hippo Video,New York,OTHERS,4000000,Series A,2020
Hasura,San Francisco,AI,25000000,Series B,2020
Qapita,Singapore,OTHERS,1080000,Others,2020
Sunday,Bangkok,OTHERS,9000000,Others,2020
Gamezop,Gurugram,OTHERS,4300000,Series A,2020
Phool.co,Kanpur,OTHERS,1400000,Others,2020
IDfy,MumbAI,OTHERS,2110000,Series A,2020
Eruditus,MumbAI,OTHERS,113000000,Series D,2020
CredoLab,Singapore,EV,7000000,Series A,2020
Brick&Bolt,Bangalore,EV,2200000,Series A,2020
Bikayi,Hyderabad,FINANCE,2000000,Others,2020
TrueFan,MumbAI,OTHERS,4300000,Others,2020
AvAIl FINANCE,Bangalore,OTHERS,11635000,Series B,2020
Virohan,Gurgaon,OTHERS,2800000,Others,2020
LEAD School,MumbAI,EV,28000000,Series C,2020
Trell,Bangalore,OTHERS,11000000,Series A,2020
CaptAIn Fresh,Bangalore,OTHERS,2300000,Others,2020
Pixxel,Bangalore,OTHERS,5000000,Others,2020
SmarterBiz,Bangalore,EV,1065000,Others,2020
FPL EVnologies,Pune,OTHERS,10000000,Series A,2020
MasAI School,Bangalore,EV,2500000,Series A,2020
Mitron,Bangalore,OTHERS,5000000,Series A,2020
LendingKart,Ahmedabad,OTHERS,16076000,Series D,2020
BigHaat,Bangalore,EV,2000000,Others,2020
HungerBox,Bangalore,OTHERS,6700000,Series C,2020
Eduvanz,MumbAI,OTHERS,5000000,Series A,2020
Chingari,Bangalore,OTHERS,1300000,Others,2020
Wobot Intelligence,Delhi,AI,2500000,Others,2020
DrinkPrime,Bangalore,OTHERS,2879000,Others,2020
Rebel FOODs,MumbAI,OTHERS,26500000,Others,2020
HEVo,Bangalore,EV,8000000,Series A,2020
BigSpoon FOODs,Ahmedabad,OTHERS,2000000,Others,2020
Toppr,MumbAI,EV,46761000,Series D,2020
Entri,Kochi,EV,1700000,Others,2020
MPowered,Gurugram,AI,21000000,Others,2020
Ather Energy,Bangalore,OTHERS,11241000,Series C,2020
Vegrow,Bangalore,EV,2500000,Others,2020
Vedantu,Bangalore,EV,100000000,Series D,2020
IncNut Digital,Hyderabad,OTHERS,4000000,Series A,2020
Piggy Ride,Bangalore,AI,1862000,Others,2020
Cuemath,Bangalore,EV,2888000,Series B,2020
Blue Sky AI,Gurugram,OTHERS,1200000,Others,2020
Decentro,Bangalore,OTHERS,15500000,Series A,2020
Zolostays,Bangalore,OTHERS,56000000,Series C,2020
Frontier Markets,JAIpur,OTHERS,2250000,Others,2020
Aye FINANCE,Gurugram,OTHERS,16753000,Series E,2020
Flinto,ChennAI,EV,7200000,Others,2020
Zetwerk,Bangalore,HEALTH,21000000,Series C,2020
goDutch,MumbAI,OTHERS,1700000,Others,2020
High Street Essentials,New Delhi,OTHERS,2743000,Others,2020
Slice,Bangalore,OTHERS,6082000,Others,2020
Bombay Play,Bangalore,OTHERS,1500000,Others,2020
Aye FINANCE,Gurugram,OTHERS,27700000,Series E,2020
Drishti EVnologies,Bangalore,AI,25000000,Series B,2020
Instasolv,Noida,EV,2000000,Others,2020
JAI Kisan,MumbAI,OTHERS,3937000,Others,2020
Servify,MumbAI,AI,11370000,Series C,2020
Waycool,ChennAI,EV,5500000,Series C,2020
HealthPlix,Bangalore,OTHERS,6000000,Series B,2020
YoloBus,Gurugram,OTHERS,3300000,Series A,2020
Pocket52,Bangalore,OTHERS,1750000,Series A,2020
Wooden Street,JAIpur,OTHERS,3000000,Series A,2020
BankBazaar,ChennAI,OTHERS,5967000,Others,2020
IVF Access,Bangalore,OTHERS,5000000,Series A,2020
Hoi FOODs,Delhi,OTHERS,2000000,Others,2020
Ola FINANCE,Bangalore,OTHERS,27000000,Series A,2020
Euler Motors,Delhi,OTHERS,2530000,Series A,2020
Khatabook,Bangalore,OTHERS,60000000,Series B,2020
LendingKart,Ahmedabad,OTHERS,11363000,Series D,2020
Indian School FINANCE Company,Hyderabad,OTHERS,5271000,Others,2020
Intello Labs,Gurugram,OTHERS,5900000,Series A,2020
SirionLabs,Gurugram,AI,44000000,Series C,2020
Mintoak,MumbAI,OTHERS,2000000,Others,2020
Vernacular AI,Bangalore,AI,5100000,Series A,2020
Varthana,Bangalore,OTHERS,15000000,Series D,2020
Rooter,Delhi,OTHERS,1700000,Others,2020
Pratilipi,Bangalore,OTHERS,9400000,Series C,2020
Classplus,Delhi,EV,8200000,Series B,2020
MYSUN,Delhi,EV,4257000,Others,2020
NewsBytes,Gurugram,OTHERS,1500000,Series A,2020
Convosight,Hyderabad,OTHERS,4000000,Others,2020
Bira91,Bangalore,OTHERS,20000000,Series C,2020
LoadShare,Bangalore,OTHERS,2004000,Series B,2020
Vedantu,Bangalore,EV,6800000,Series C,2020
Bijak,Gurugram,EV,12000000,Series A,2020
Yap,ChennAI,OTHERS,4500000,Series A,2020
ITILITE,Bangalore,OTHERS,13000000,Series B,2020
Aavenir,Ahmedabad,AI,2000000,Others,2020
Yellow Messenger,Bangalore,AI,20000000,Series B,2020
Wellthy Therapeutics,Bangalore,OTHERS,4000000,Others,2020
FarEye,Delhi,OTHERS,24500000,Series D,2020
BankBazaar,ChennAI,OTHERS,3800000,Series D,2020
Porter,MumbAI,OTHERS,18370000,Series D,2020
Capital Float,Bangalore,OTHERS,4800000,Series F,2020
Vedantu,Bangalore,EV,12500000,Series C,2020
Lido Learning,MumbAI,EV,7500000,Series B,2020
Swiggy,Bangalore,OTHERS,43000000,Series A,2020
JusPay,Bangalore,OTHERS,21600000,Series B,2020
Fingpay,MumbAI,OTHERS,3500000,Series A,2020
Recko,Bangalore,AI,6000000,Series A,2020
Camp K12,Gurugram,EV,4000000,Others,2020
MedGenome,Bangalore,OTHERS,55000000,Series D,2020
CureFit,Bangalore,OTHERS,115000000,Series D,2020
QTalk,Bangalore,OTHERS,1600000,Others,2020
Stanplus,Hyderabad,OTHERS,1500000,Others,2020
Pitstop,Bangalore,OTHERS,2500000,Series A,2020
CoreStack,ChennAI,OTHERS,8500000,Series A,2020
Vivriti Capital,ChennAI,OTHERS,50000000,Series B,2020
Agnikul,ChennAI,OTHERS,3148000,Others,2020
ZunRoof,Gurugram,EV,3000000,Series A,2020
FamPay,Bangalore,OTHERS,4700000,Others,2020
Karbon Card,Bangalore,OTHERS,2000000,Others,2020
Epigamia,MumbAI,OTHERS,2558000,Series C,2020
Strata,Bangalore,OTHERS,1500000,Others,2020
Salesken,Bangalore,OTHERS,8000000,Series A,2020
Arya,Noida,EV,6000000,Series B,2020
Tricog,Bangalore,OTHERS,10500000,Series B,2020
Trell,Bangalore,OTHERS,4000000,Others,2020
Chqbook,Gurugram,OTHERS,5000000,Series A,2020
SMEcorner,MumbAI,OTHERS,30000000,Series B,2020
Spinny,Haryana,OTHERS,43700000,Series B,2020
Umeed Housing,Haryana,OTHERS,23000000,Series D,2020
Vogo,Bangalore,EV,20000000,Series C,2020
Flick Stree,MumbAI,OTHERS,3000000,Series A,2020
Josh Talks,Haryana,OTHERS,1500000,Others,2020
AjnaLens,Thane,OTHERS,1500000,Others,2020
iMerit,Kolkata,OTHERS,20000000,Series B,2020
BharatPe,Delhi,OTHERS,75000000,Series C,2020
Prayaan Capital,ChennAI,OTHERS,1200000,Others,2020
Sanfe,Delhi,OTHERS,1100000,Others,2020
Swiggy,Bangalore,OTHERS,113000000,Series A,2020
Whatfix,Banglore,AI,32000000,Series C,2020
Unacademy,Bangalore,EV,110000000,Series E,2020
MaxFOOD,Delhi,OTHERS,3000000,Series A,2020
Simsim,Bangalore,FINANCE,8000000,Series B,2020
Shuttl,Delhi,OTHERS,7975700,Series C,2020
Vedantu,Bangalore,EV,24000000,Series C,2020
Clover,Bangalore,EV,5500000,Series A,2020
CodingNinjas,Delhi,EV,5200000,Series A,2020
Furlenco,Bangalore,OTHERS,2200000,Series C,2020
MoEngage,Bangalore,FINANCE,25000000,Series C,2020
Pepperfry,MumbAI,OTHERS,40000000,Series F,2020
FirstCry,Pune,OTHERS,296000000,Series E,2020
Waycool,ChennAI,EV,32000000,Series C,2020
Leap India,Coimbatore,EV,30000000,Series B,2020
Dot Pvt. Ltd,Gurugram,OTHERS,8000000,Others,2020
Kuku FM,MumbAI,OTHERS,5500000,Series A,2020
Entri,Kochi,EV,1400000,Others,2020
Doubtnut,Gurugram,EV,15000000,Series A,2020
Kisan Network,Gurugram,EV,3000000,Others,2020
Vogo,Bangalore,EV,35000000,Series C,2020
Interviewbit,Pune,EV,200000000,Series A,2020
INdwealth,Gurugram,OTHERS,12000000,Series C,2020
Bizongo,MumbAI,HEALTH,30000000,Series C,2020
AppsFlyer,Bangalore,AI,210000000,Series D,2020
Livspace,Bangalore,OTHERS,60000000,Series D,2020
Samosa Singh,Bangalore,FOOD,2700000,Series A,2020
Crysta,Delhi,OTHERS,1403400,Others,2020
Eupheus Learning,New Delhi,EV,4300000,Series A,2020
Bounce,Bangalore,OTHERS,105000000,Series D,2020
Zoomcar,Bangalore,OTHERS,30000000,Series D,2020
Bounce,Bangalore,OTHERS,97500000,Series D,2020
Zinier,Bangalore,OTHERS,90000000,Series C,2020
Ninjacart,Bangalore,OTHERS,10000000,Series C,2020
Wysh,Hyderabad,OTHERS,2000000,Series A,2020
Axio Biosolutions,Bangalore,OTHERS,5200000,Series B,2020
HighRadius,Hyderabad,AI,125000000,Series B,2020
Rivigo,Gurugram,OTHERS,3400000,Series F,2020
GoMechanic,Delhi,OTHERS,14700000,Series B,2020
Shuttl,Delhi,OTHERS,8043000,Series C,2020
Pando,ChennAI,OTHERS,9000000,Series A,2020
Unbox Robotics,Bangalore,OTHERS,1200000,Others,2021
Lead School,MumbAI,EV,30000000,Series D,2021
Bizongo,MumbAI,OTHERS,51000000,Series C,2021
FypMoney,Gurugram,OTHERS,2000000,Others,2021
Fitterfly,MumbAI,OTHERS,3000000,Others,2021
CoinSwitch Kuber,Bangalore,OTHERS,25000000,Series B,2021
Razorpay,Bangalore,OTHERS,160000000,Series E,2021
Optimized ElectroEV,Ahmadabad,OTHERS,1800000,Others,2021
Sirona Hygiene,New Delhi,OTHERS,3000000,Series A,2021
Pristyn Care,Gurugram,OTHERS,53000000,Series D,2021
TrulyMadly,New Delhi,OTHERS,2000000,Others,2021
Jambox Games,Bangalore,OTHERS,1100000,Others,2021
LimeChat,"Faridabad, Haryana",OTHERS,7500000,Others,2021
CredFlow,New Delhi,OTHERS,2000000,Others,2021
PlayShifu,Bangalore,EV,17000000,Series B,2021
Pitstop,Bangalore,EV,3500000,Others,2021
Lendingkart,Gujarat,OTHERS,15000000,Debt,2021
CRED,Bangalore,OTHERS,215000000,Series D,2021
Karnival,Bangalore,OTHERS,2500000,Others,2021
PharmEasy,MumbAI,OTHERS,350000000,Series E,2021
WESS,MumbAI,OTHERS,2000000,Others,2021
Groww,Bangalore,OTHERS,83000000,Series D,2021
Avanti FINANCE,Bangalore,OTHERS,26000000,Series A,2021
Superpro.AI,Bangalore,OTHERS,3000000,Others,2021
Spinny,Gurugram,FINANCE,65000000,Series C,2021
Uable,Bangalore,EV,35000000,Others,2021
Zoko,Bangalore,OTHERS,140000000,Others,2021
Easebuzz,Pune,FINANCE,4000000,Series A,2021
DusMinute,Bangalore,FINANCE,1100000,Others,2021
TartanSense,Bangalore,EV,5000000,Series A,2021
FanPlay,Computer Games,OTHERS,1200000,Series A,2021
Camp K12,Gurugram,EV,12000000,Series A,2021
Elda Health,Bangalore,HEALTH,1500000,Others,2021
Sporjo,MumbAI,OTHERS,2000000,Others,2021
SuperGaming,Pune,OTHERS,5500000,Series A,2021
Zetwerk,Bangalore,OTHERS,150000000,Series E,2021
AppsForBharat,Bangalore,OTHERS,4000000,Others,2021
Khatabook,Bangalore,FINANCE,100000000,Series C,2021
Smytten,Gurugram,OTHERS,6000000,Series A,2021
Lumiq,Noida,EV,2000000,Others,2021
Breathe Well-being,Gurugram,OTHERS,5500000,Series A,2021
Smart Express,MumbAI,OTHERS,10000000,Others,2021
Smallcase,Bangalore,OTHERS,40000000,Series C,2021
Postman,Bangalore,AI,225000000,Series D,2021
Hashnode,Bangalore,AI,6700000,Series A,2021
RACEnergy,Hyderabad,EV,1300000,Others,2021
BharatPe,New Delhi,OTHERS,20000000,Debt,2021
AgNext,Chandigarh,EV,21000000,Series A,2021
LoanKuber,New Delhi,OTHERS,1200000,Others,2021
OYO,Gurugram,HEALTH,5000000,Others,2021
Log 9 Materials,Bangalore,OTHERS,8500000,Others,2021
Kenko Health,MumbAI,OTHERS,1700000,Others,2021
Wiz Freight,ChennAI,OTHERS,3500000,Others,2021
Credgenics,New Delhi,FINANCE,25000000,Series A,2021
Pickrr,Gurugram,OTHERS,12000000,Series B,2021
Grip Invest,Gurugram,FINANCE,3000000,Series A,2021
Heads Up For TAIls,New Delhi,OTHERS,37000000,Series A,2021
Blue TokAI Coffee Roasters,New Delhi,FOOD,2000000,Others,2021
Neeman,Hyderabad,OTHERS,2000000,Series A,2021
BharatPe,New Delhi,OTHERS,370000000,Series E,2021
StockGro,Bangalore,OTHERS,5000000,Others,2021
Onsurity,Bangalore,HEALTH,16000000,Series A,2021
Khabri,Gurugram,OTHERS,2000000,Others,2021
RenewBuy,Gurugram,OTHERS,10000000,Series C,2021
Faarms,Bangalore,EV,2000000,Others,2021
Jupiter,MumbAI,FINANCE,44000000,Series B,2021
Toothsi,MumbAI,OTHERS,20000000,Series B,2021
Soothe HEALTH,New Delhi,OTHERS,10000000,Series C,2021
Goodmeetings,Bangalore,AI,1700000,Series A,2021
Apnaklub,Bangalore,FOOD,3500000,Others,2021
Fashinza,Gurugram,OTHERS,20000000,Series A,2021
infra.market,Thane,EV,125000000,Series D,2021
CollegeDekho,Gurgaon,OTHERS,35000000,Series B,2021
Simpl,Bangalore,OTHERS,40000000,Series B,2021
PayGlocal,Bangalore,FINANCE,4900000,Series A,2021
Pocket FM,Bangalore,OTHERS,22000000,Series B,2021
PlanetSpark,Gurugram,OTHERS,13000000,Series B,2021
LenDenClub,MumbAI,FINANCE,10000000,Series A,2021
CometChat,MumbAI,AI,10000000,Series A,2021
AgroStar,Pune,EV,70000000,Series D,2021
Bizongo,MumbAI,EV,100000000,Series D,2021
MoEngage,Bangalore,OTHERS,30000000,Series D,2021
CloudSEK,Bangalore,OTHERS,7000000,Series A,2021
Exponent Energy,Bangalore,EV,5000000,Others,2021
Trinkerr,Bangalore,OTHERS,6600000,Series A,2021
Zorro,Gurugram,OTHERS,32000000,Others,2021
Ultraviolette,Bangalore,EV,150000000,Series C,2021
NephroPlus,Hyderabad,HEALTH,24000000,Series E,2021
Spry,MumbAI,OTHERS,1500000,Others,2021
Enmovil,Hyderabad,EV,1300000,Others,2021
Fullife HEALTH,"Pharmaceuticals	#REF!",OTHERS,22000000,Series C,2021
Pristyn Care,Gurugram,HEALTH,96000000,Series E,2021
Plix,MumbAI,HEALTH,5000000,Series A,2021
Uni Cards,Bangalore,FINANCE,70000000,Series A,2021
Nestasia,Kolkata,FINANCE,4000000,Series A,2021
Vedic Cosmeceuticals,Noida,OTHERS,32000000,Series A,2021
Juspay,Bangalore,OTHERS,60000000,Series C,2021
TranZact,MumbAI,EV,7000000,Series A,2021
Mohalla EV,Bangalore,ENTERTAINMENT,266000000,Series G,2021
Stack,Bangalore,FINANCE,4500000,Others,2021
WeSkill,Gurugram,OTHERS,4000000,Others,2021
ByteLearn,Noida,OTHERS,9500000,Others,2021
Dista,Pune,AI,1200000,Others,2021
Bizongo,MumbAI,OTHERS,100000000,Series D,2021
FRND,Bangalore,OTHERS,6500000,Series A,2021
Metadome,Bangalore,AI,4000000,Others,2021
JumbotAIl,Bangalore,OTHERS,85000000,Series C,2021
CaptAIn Fresh,Bangalore,OTHERS,40000000,Series B,2021
Unbox Robotics,Pune,OTHERS,7000000,Series A,2021
Ninety One,Ahmedabad,OTHERS,30000000,Series A,2021
Gobillion,New Delhi,FINANCE,2900000,Others,2021
RIPPLR,Bangalore,OTHERS,12000000,Others,2021
SK FINANCE,JAIpur,FINANCE,53000000,Series F,2021
Eggoz,Gurugram,FOOD,3500000,Series A,2021
OWO EVnologies,Gurugram,FOOD,3000000,Others,2021
EsportsXO,Bangalore,OTHERS,1100000,Others,2021
Neobank Jupiter,MumbAI,FINANCE,86000000,Series C,2021
GlobalBees,New Delhi,FINANCE,111000000,Series B,2021
SecureNow,Gurugram,FINANCE,6000000,Series B,2021
Doubtnut,Gurugram,EV,30000000,Series B,2021
Infra.Market,Thane,EV,100000000,Series C,2021
Kutuki,Bangalore,EV,2000000,Others,2021
Eupheus,New Delhi,EV,4000000,Series B,2021
KreditBee,Bangalore,OTHERS,75000000,Series C,2021
UptimeAI,Bangalore,OTHERS,1500000,Others,2021
Zolve,Bangalore,OTHERS,15000000,Others,2021
MediBuddy,Bangalore,EV,3000000,Debt,2021
Pariksha,Pune,EV,2000000,Others,2021
Phable,Bangalore,OTHERS,12000000,Series A,2021
Swajal,Gurugram,FOOD,1600000,Others,2021
BharatPe,New Delhi,OTHERS,100000000,Series D,2021
Method & Madness,MumbAI,OTHERS,2000000,Others,2021
Pepperfry,MumbAI,FINANCE,30000000,Debt,2021
VerSe Innovation,Bangalore,OTHERS,1000000000,Series H,2021
Newton School,Bangalore,EV,5000000,Series A,2021
SarvaGram,MumbAI,OTHERS,10000000,Series B,2021
GlobalFAIr,Gurugram,OTHERS,2000000,Others,2021
Eduvanz,MumbAI,OTHERS,10000000,Debt,2021
SplashLearn,Gurugram,EV,18000000,Series C,2021
Maya,Bangalore,OTHERS,2200000,Others,2021
MediBuddy,Bangalore,OTHERS,40000000,Series B,2021
Zetwerk,Bangalore,FINANCE,120000000,Series D,2021
Koo,Bangalore,OTHERS,4100000,Series A,2021
InnerHour,MumbAI,HEALTH,5200000,Series A,2021
Origo,Gurugram,EV,10000000,Debt,2021
Elucidata,New Delhi,EV,5000000,Others,2021
Saveo,Bangalore,OTHERS,4000000,Others,2021
DotPe,Gurugram,OTHERS,8000000,Others,2021
Headfone,Bangalore,OTHERS,3000000,Others,2021
GrowFix,Bangalore,OTHERS,2000000,Others,2021
Dunzo,Bangalore,OTHERS,40000000,Series E,2021
BeyondSkool,MumbAI,EV,2000000,Others,2021
Fashinza,Gurgaon,OTHERS,2600000,Others,2021
BharatPe,New Delhi,OTHERS,6000000,Debt,2021
Turnip,Bangalore,OTHERS,1600000,Others,2021
BharatPe,New Delhi,OTHERS,10000000,Debt,2021
Udayy,Gurgaon,EV,2500000,Others,2021
DeHaat,Patna,EV,30000000,Series C,2021
Samunnati,ChennAI,EV,10000000,Debt,2021
Biconomy,New Delhi,OTHERS,1500000,Others,2021
Nao Spirits & BEVerages Pvt Ltd,New Delhi,OTHERS,2000000,Series A,2021
Karkhana.io,MumbAI,OTHERS,1500000,Others,2021
CoinSwitch Kuber,Bangalore,OTHERS,15000000,Series A,2021
Infra.Market,Thane,FINANCE,6000000,Debt,2021
Ergos,Samsitpur,EV,3000000,Series A,2021
Toothsi,MumbAI,HEALTH,5000000,Series A,2021
JumbotAIl,Bangalore,OTHERS,14300000,Others,2021
Phi Commerce,Pune,OTHERS,4000000,Series A,2021
Practically,Telangana,EV,4000000,Others,2021
Cred,Bangalore,OTHERS,81000000,Series C,2021
Zerone,Gurgaon,OTHERS,1300000,Others,2021
boAt,MumbAI,OTHERS,100000000,Others,2021
Kyt,Bangalore,EV,5000000,Series A,2021
BharatPe,New Delhi,OTHERS,8200000,Debt,2021
CropIn,Bangalore,EV,20000000,Series C,2021
Oyo,Gurgaon,HEALTH,7000000,Others,2021
Meddo,Gurgaon,HEALTH,3000000,Others,2021
SP Robotic Works,ChennAI,EV,3000000,Series A,2021
3SC,Gurugram,OTHERS,15000000,Series B,2021
Minimalist,JAIpur,OTHERS,10000000,Series A,2021
90+ My Tuition App,Bangalore,EV,5000000,Series A,2021
Wasabi,Bangalore,OTHERS,1800000,Others,2021
Strata,Bangalore,OTHERS,6000000,Series A,2021
Murf.AI,Bangalore,OTHERS,1500000,Others,2021
I am Love,MumbAI,HEALTH,4000000,Others,2021
Eloelo,Bangalore,OTHERS,2000000,Others,2021
Edukemy,Noida,EV,2000000,Others,2021
Zingbus,Gurugram,OTHERS,5000000,Others,2021
The Whole Truth,MumbAI,FOOD,6000000,Series A,2021
Go Swift,Bangalore,OTHERS,2000000,Others,2021
G.O.A.T,Bangalore,OTHERS,36000000,Series A,2021
Dozee,Bangalore,HEALTH,5000000,Series A,2021
BlackBuck,Bangalore,OTHERS,67000000,Series E,2021
MAIlmodo,Bangalore,FINANCE,2000000,Others,2021
NirogStreet,New Delhi,HEALTH,2500000,Series A,2021
EVen,Bangalore,HEALTH,5000000,Others,2021
CaptAIn Fresh,Bangalore,OTHERS,12000000,Series A,2021
Otipy,Gurugram,FOOD,10200000,Series A,2021
GlobalBees,New Delhi,OTHERS,150000000,Series A,2021
Spinny,Gurugram,EV,108000000,Series D,2021
Mynvax,Bangalore,EV,4000000,Series A,2021
HealthifyMe,Bangalore,HEALTH,75000000,Series C,2021
Sea6 Energy,Bangalore,EV,9000000,Series B,2021
MedPay,Bangalore,EV,1200000,Others,2021
Digantara,Bangalore,OTHERS,2500000,Others,2021
Ola Electric,Bangalore,EV,100000000,Debt,2021
Trell,Bangalore,FINANCE,45000000,Series B,2021
Aquaconnect,ChennAI,OTHERS,4000000,Others,2021
Ati Motors,Bangalore,EV,35000000,Others,2021
ION Energy,MumbAI,EV,3600000,Others,2021
FRAAZO,MumbAI,FOOD,11000000,Series A,2021
Licious,Bangalore,FOOD,192000000,Series F,2021
WinZO,New Delhi,OTHERS,65000000,Series C,2021
Skylark Drones,Bangalore,OTHERS,3000000,Others,2021
MyMobiForce,Noida,AI,1400000,Others,2021
BeatO,New Delhi,HEALTH,5000000,Others,2021
Earth Rhythm,Gurugram,OTHERS,1200000,Others,2021
FountAIn9,MumbAI,AI,1900000,Others,2021
Shiprocket,New Delhi,OTHERS,41000000,Others,2021
Teachmint,Bangalore,EV,20000000,Others,2021
Vahak,Bangalore,EV,5000000,Others,2021
Delhivery,Gurugram,OTHERS,270000000,Series H,2021
Urban Company,New Delhi,OTHERS,250000000,Series F,2021
Locus,Bangalore,OTHERS,50000000,Series C,2021
Crejo.Fun,Bangalore,EV,3000000,Others,2021
Swiflearn,Gurugram,EV,3000000,Others,2021
QuickSell,MumbAI,FINANCE,2000000,Others,2021
Truemeds,MumbAI,OTHERS,5000000,Series A,2021
Refyne,Bangalore,OTHERS,20000000,Series A,2021
Greenjoules,Pune,OTHERS,4500000,Series A,2021
LEVerage Edu,New Delhi,EV,2000000,Debt,2021
Kale Logistics,Thane,OTHERS,5000000,Series A,2021
Pee Safe,Gurugram,HEALTH,3000000,Others,2021
SimpliContract,Bangalore,AI,1800000,Others,2021
JumbotAIl,Bangalore,FINANCE,4000000,Debt,2021
Convosight,New Delhi,OTHERS,9000000,Series A,2021
Flexmoney,MumbAI,OTHERS,4800000,Series A,2021
Fampay,Bangalore,OTHERS,38000000,Series A,2021
Apna,Bangalore,OTHERS,70000000,Series B,2021
XYXX Apparels,Surat,OTHERS,4000000,Series A,2021
BrowserStack,MumbAI,OTHERS,200000000,Series B,2021
Vital,New Delhi,OTHERS,3000000,Others,2021
RenewBuy,Gurugram,OTHERS,45000000,Series C,2021
Kutumb,Bangalore,OTHERS,26000000,Series A,2021
Superplum,Noida,EV,3800000,Others,2021
Upside AI,MumbAI,OTHERS,1200000,Others,2021
Skillmatics,MumbAI,EV,6000000,Series A,2021
Bimaplan,Bangalore,OTHERS,2500000,Others,2021
Bueno FINANCE,Gurugram,OTHERS,3000000,Others,2021
CityMall,Gurugram,FINANCE,22000000,Series B,2021
Anvidha EVnologies,Haryana,OTHERS,1500000,Others,2021
MYRE Capital,MumbAI,FINANCE,9627286,Others,2021
Synapsica,New Delhi,HEALTH,4000000,Series A,2021
GoMechanic,Gurugram,EV,42000000,Series C,2021
Classplus,Noida,EV,65000000,Series C,2021
GoBolt,Gurugram,OTHERS,20000000,Series B,2021
Loco,Bangalore,OTHERS,9000000,Others,2021
Auric,New Delhi,HEALTH,2000000,Others,2021
AIrblack,Gurugram,OTHERS,5200000,Series A,2021
TABLT,Kolkata,HEALTH,3000000,Others,2021
Hesa,Hyderabad,OTHERS,2000000,Others,2021
Treebo Hotels,Bangalore,HEALTH,16000000,Series D,2021
SupertAIls,Bangalore,OTHERS,2600000,Others,2021
Cancer Clinics,Telugana,HEALTH,1500000,Others,2021
Velocity,Bangalore,OTHERS,1300000,Others,2021
Zotalabs,Pune,OTHERS,1250000,Others,2021
Voiro,Bangalore,OTHERS,1800000,Others,2021
Rupifi,Bangalore,OTHERS,4100000,Others,2021
Moneyboxx,MumbAI,OTHERS,3000000,Debt,2021
CityMall,Gurugram,FINANCE,11000000,Series A,2021
ReshaMandi,Bangalore,EV,1700000,Others,2021
DotPe,Gurugram,OTHERS,27000000,Series A,2021
BYJU'S,Bangalore,EV,460000000,Series F,2021
HealthPlix,Bangalore,HEALTH,13500000,Series B,2021
MasAI School,Bangalore,EV,5000000,Series A,2021
Stelis HEALTH,Bangalore,EV,195000000,Series B,2021
NeoDove,JAIpur,OTHERS,15000000,Others,2021
KreditBee,Bangalore,OTHERS,75000000,Others,2021
True Balance,Gurugram,OTHERS,10000000,Debt,2021
FloBiz,Bangalore,OTHERS,10000000,Series A,2021
JeEVam Health,New Delhi,HEALTH,1500000,Others,2021
OZiva,MumbAI,OTHERS,12000000,Series B,2021
Euler Motors,New Delhi,EV,2600000,Series A,2021
Pixxel,Bangalore,OTHERS,7300000,Others,2021
Prescinto,Gujarat,OTHERS,3500000,Others,2021
MyGlamm,MumbAI,OTHERS,20000000,Series C,2021
Juicy Chemistry,Coimbatore,HEALTH,6300000,Series A,2021
Indifi,Gurugram,OTHERS,5000000,Debt,2021
YAP,ChennAI,OTHERS,10000000,Series B,2021
Leap FINANCE,Bangalore,OTHERS,17000000,Series B,2021
4baseCare,Bangalore,OTHERS,2000000,Others,2021
Riskcovry,Bangalore,OTHERS,5000000,Series A,2021
Quizizz,Bangalore,EV,12500000,Series A,2021
Turtlemint,MumbAI,OTHERS,45000000,Series D,2021
CaptAIn Fresh,Bangalore,OTHERS,3000000,Others,2021
Northern Arc,ChennAI,OTHERS,10000000,Debt,2021
DealShare,JAIpur,FINANCE,3000000,Debt,2021
Euler Motors,New Delhi,EV,4000000,Series A,2021
KoineArth,Bangalore,OTHERS,1800000,Others,2021
Northern Arc,ChennAI,OTHERS,50000000,Debt,2021
Virohan,Gurugram,EV,3000000,Series A,2021
BlissClub,Bangalore,OTHERS,2000000,Others,2021
ANSR,Bangalore,OTHERS,15000000,Series B,2021
Magenta EV,MumbAI,OTHERS,15000000,Series A,2021
Wysa,Bangalore,AI,5000000,Series A,2021
Agnikul,ChennAI,OTHERS,11000000,Series A,2021
Tekie,Gurugram,EV,1500000,Others,2021
Betterhalf.AI,Bangalore,OTHERS,3000000,Others,2021
Koo,Bangalore,ENTERTAINMENT,30000000,Series B,2021
Cuvette EV,Bangalore,OTHERS,1800000,Others,2021
FarMart,Gurugram,EV,24000000,Others,2021
Kodo Card,MumbAI,OTHERS,8000000,Others,2021
JAI Kisan,MumbAI,OTHERS,30000000,Series A,2021
Plum,Bangalore,HEALTH,15000000,Series A,2021
Mensa Brands,Bangalore,OTHERS,50000000,Series A,2021
MedTel HEALTH,Orissia,HEALTH,5000000,Others,2021
BharatPe,New Delhi,OTHERS,6000000,Debt,2021
Locobuzz,MumbAI,AI,4000000,Series A,2021
We Founder Circle,MumbAI,OTHERS,2000000,Others,2021
SuperOps.AI,ChennAI,OTHERS,3000000,Others,2021
Teachmint,Bangalore,EV,16500000,Series A,2021
Rapido,Bangalore,EV,43000000,Series C,2021
ElasticRun,Pune,FINANCE,75000000,Series D,2021
AvAIl FINANCE,Bangalore,OTHERS,3000000,Debt,2021
Nivesh,Noida,OTHERS,1600000,Others,2021
Fi,Bangalore,FINANCE,50000000,Series B,2021
Ruptok FinEV,New Delhi,FINANCE,2000000,Others,2021
Dogsee Chew,Bangalore,FOOD,7000000,Others,2021
Advantage Club,Gurugram,OTHERS,3300000,Others,2021
EV Smart,New Delhi,OTHERS,7000000,Others,2021
The Good Glamm Group,Pune,EV,150000000,Series D,2021
MosAIc HEALTH,MumbAI,HEALTH,24000000,Series A,2021
Xpand,New Delhi,FINANCE,1500000,Others,2021
Troo Good,Hyderabad,FINANCE,7000000,Series A,2021
Unnati,Noida,OTHERS,7000000,Series A,2021
Lysto,Bangalore,OTHERS,3000000,Others,2021
Wakefit,Bangalore,OTHERS,20000000,Series C,2021
ElectricPe,Bangalore,EV,3000000,Others,2021
Vayana Network,Pune,FINANCE,30000000,Series C,2021
EyeMyEye,Gurugram,OTHERS,2000000,Others,2021
DGV,Bangalore,EV,3000000,Others,2021
GuardianLink,ChennAI,EV,12000000,Series A,2021
Clinikk,Bangalore,HEALTH,4000000,Others,2021
Mensa,Bangalore,OTHERS,135000000,Series B,2021
GENLEAP,Haryana,OTHERS,8000000,Others,2021
Planys,ChennAI,OTHERS,1600000,Others,2021
GoKwik,New Delhi,EV,15000000,Series A,2021
Velocity,Bangalore,FINANCE,20000000,Series A,2021
SalaryBox,Gurugram,FINANCE,4000000,Others,2021
Disprz,MumbAI,OTHERS,13000000,Series B,2021
Mindhouse,Gurugram,HEALTH,6000000,Others,2021
NoBroker.com,Bangalore,OTHERS,2100000,Series E,2021
Haber,Pune,EV,20000000,Series B,2021
Park+,New Delhi,OTHERS,25000000,Series B,2021
Simple Energy,Bangalore,EV,21000000,Others,2021
Spinny,Gurugram,EV,248000000,Series E,2021
Slice,Bangalore,FINANCE,220000000,Series B,2021
21K School,Bangalore,OTHERS,5000000,Others,2021
Adda247,Gurugram,OTHERS,20000000,Series B,2021
RENEE Cosmetics,Ahmedabad,OTHERS,1500000,Others,2021
Progcap,New Delhi,OTHERS,30000000,Series C,2021
ANS Commerce,Gurugram,FINANCE,2200000,Others,2021
GramCover,Noida,FINANCE,7000000,Series A,2021
Licious,Bangalore,FOOD,52000000,Series G,2021
Chalo,MumbAI,OTHERS,40000000,Series C,2021
Sunstone Eduversity,Gurugram,EV,28000000,Series B,2021
Ozonetel,Hyderabad,OTHERS,5000000,Series A,2021
CoinSwitch Kuber,Bangalore,OTHERS,260000000,Series C,2021
Pazcare,Bangalore,FINANCE,3500000,Others,2021
kWh Bikes,Bangalore,EV,2000000,Others,2021
Twin Health,ChennAI,HEALTH,140000000,Series C,2021
Trica,MumbAI,OTHERS,3000000,Others,2021
Rebel FOODs,MumbAI,OTHERS,175000000,Series F,2021
ProfitWheel,MumbAI,FINANCE,3000000,Others,2021
ReshaMandi,Bangalore,OTHERS,30000000,Series A,2021
Hubilo,Ahmedabad,OTHERS,125000000,Series B,2021
M2P FinEV,ChennAI,FINANCE,35000000,Series C,2021
Open Financial EVnologies,Bangalore,FINANCE,90000000,Series C,2021
Niro,Bangalore,FINANCE,3500000,Others,2021
CarDekho,JAIpur,EV,250000000,Series E,2021
Toch.AI,MumbAI,AI,11000000,Series A,2021
Fraazo,MumbAI,FOOD,50000000,Series B,2021
FloCareer,Bangalore,AI,5700000,Series A,2021
AcknoLedger,MumbAI,OTHERS,1500000,Others,2021
ApplicateAI,Gurugram,EV,30000000,Series A,2021
Aviom India,Bhilwara,FINANCE,8000000,Series C,2021
AI Labs,Noida,AI,17000000,Series A,2021
CRED,Bangalore,FINANCE,250000000,Series E,2021
ConveGenius,Noida,OTHERS,5000000,Others,2021
CredAble,MumbAI,FINANCE,30000000,Series B,2021
MarketWolf,MumbAI,FINANCE,5500000,Others,2021
Wondrlab,MumbAI,FINANCE,7000000,Others,2021
Tamasha,MumbAI,OTHERS,3000000,Others,2021
REVfin,New Delhi,FINANCE,4000000,Others,2021
FarMart,Gurugram,OTHERS,10000000,Series A,2021
Questt,Gurugram,EV,6750000,Series A,2021
IDfy,MumbAI,EV,10000000,Series D,2021
ClearDekho,Ghaziabad,FINANCE,4000000,Others,2021
BookingJini,Gurugram,HEALTH,1200000,Others,2021
Sourcewiz,Gurugram,EV,3000000,Others,2021
Kafqa Academy,Bangalore,OTHERS,1300000,Others,2021
Storia,MumbAI,FOOD,6000000,Series A,2021
Clear,Bangalore,AI,75000000,Series C,2021
Groww,Bangalore,FINANCE,250000000,Series E,2021
Teachmint,Bangalore,OTHERS,78000000,Series B,2021
Porter,Bangalore,OTHERS,100000000,Series E,2021
O4S,Gurugram,EV,6000000,Series A,2021
BASIC Home Loan,Gurugram,FINANCE,3500000,Series A,2021
Siply,Bangalore,FINANCE,3200000,Others,2021
Healofy,Bangalore,OTHERS,6000000,Series B,2021
E42,Pune,AI,5400000,Series A,2021
DeHaat,Gurugram,EV,115000000,Series D,2021
Zolve,Bangalore,FINANCE,40000000,Series A,2021
Hypto,ChennAI,OTHERS,3000000,Others,2021
CHUPPS,MumbAI,OTHERS,1100000,Others,2021
Zenduty,Bangalore,AI,1900000,Others,2021
Acko,Bangalore,FINANCE,255000000,Series D,2021
LoveLocal,MumbAI,FINANCE,18000000,Others,2021
SupplyNote,Noida,FOOD,1200000,Others,2021
Cloudphysician,Bangalore,HEALTH,4000000,Others,2021
Wiggles.in,Pune,OTHERS,5500000,Others,2021
Avanti FINANCE,Bangalore,FINANCE,15000000,Others,2021
MFine,Bangalore,HEALTH,48000000,Series C,2021
ConnectedH,Gurugram,HEALTH,2300000,Others,2021
CredAvenue,ChennAI,OTHERS,90000000,Series A,2021
Vedantu,Bangalore,OTHERS,100000000,Series E,2021
Exotel,Bangalore,OTHERS,35000000,Series C,2021
Fantasy Akhada,Gurugram,OTHERS,2000000,Series A,2021
Coinshift,Chandigarh,OTHERS,2500000,Others,2021
Chqbook,Gurugram,OTHERS,5000000,Others,2021
Rulezero,Bangalore,FINANCE,2500000,Others,2021
Karbon Card,Bangalore,OTHERS,12000000,Others,2021
ePayLater,MumbAI,FINANCE,10000000,Series B,2021
Fittr,Pune,HEALTH,11000000,Series A,2021
Medikabazaar,MumbAI,OTHERS,75000000,Series C,2021
Akudo,Bangalore,FINANCE,4200000,Others,2021
88academics,New Delhi,OTHERS,3000000,Others,2021
PredictiVu,Gurugram,OTHERS,1500000,Others,2021
Bijnis,New Delhi,OTHERS,30000000,Series B,2021
Glamyo Health,New Delhi,HEALTH,3000000,Series A,2021
CashBook,Gurugram,OTHERS,2300000,Others,2021
The Money Club,Noida,FINANCE,1700000,Others,2021
SuperZop,MumbAI,FINANCE,4000000,Series A,2021
Zypp Electric,Gurugram,OTHERS,7000000,Series A,2021
VRO HEALTH,Bangalore,HEALTH,3000000,Series A,2021
Leena AI,Gurugram,AI,30000000,Series B,2021
CARS24,Gurugram,EV,450000000,Series F,2021
Klub,Bangalore,FINANCE,2000000,Debt,2021
FloBiz,Bangalore,EV,31000000,Series B,2021
AerchAIn,Bangalore,AI,3000000,Others,2021
Wow! Momo,Kolkata,FOOD,15000000,Series C,2021
ZestMoney,Bangalore,FINANCE,50000000,Series C,2021
FrontRow,Bangalore,OTHERS,14000000,Series A,2021
BeepKart,Bangalore,EV,3000000,Others,2021
Lio,Pune,AI,5000000,Others,2021
TravClan,New Delhi,OTHERS,2200000,Others,2021
BetterPlace,Bangalore,EV,24000000,Series C,2021
GTM Buddy,Hyderabad,AI,2000000,Others,2021
HexaHealth,MumbAI,OTHERS,4500000,Others,2021
Eupheus Learning,New Delhi,OTHERS,10000000,Series C,2021
Anar,MumbAI,EV,6200000,Others,2021
Vahan,Bangalore,EV,8000000,Series A,2021
Awon GameZ,Noida,OTHERS,2000000,Others,2021
Ayu Health,Bangalore,HEALTH,6300000,Series A,2021
Apna,Bangalore,OTHERS,100000000,Series C,2021
BharatAgri,Bangalore,EV,6500000,Series A,2021
PaytAIl,New Delhi,FINANCE,1500000,Others,2021
4Fin,Pune,FINANCE,1100000,Others,2021
Coutloot,MumbAI,OTHERS,8000000,Others,2021
Nova Benefits,Bangalore,HEALTH,10000000,Series A,2021
HomeLane,Bangalore,OTHERS,50000000,Series E,2021
Jar,Bangalore,OTHERS,4500000,Others,2021
moneyHOP,London,FINANCE,1200000,Others,2021
Codingal,Bangalore,EV,1200000,Others,2021
Skit,Bangalore,OTHERS,23000000,Series B,2021
Peak,EV,OTHERS,75000000,Series C,2021
REVOS,Bangalore,EV,4000000,Series A,2021
Dezerv.,MumbAI,OTHERS,7000000,Others,2021
AppsForBharat,Bangalore,OTHERS,10000000,Series A,2021
Bikayi,Hyderabad,FINANCE,10000000,Series A,2021
Dukaan,Bangalore,FINANCE,11000000,Series A,2021
Biddano,Pune,HEALTH,2000000,Others,2021
Delhivery,Gurugram,OTHERS,76000000,Others,2021
Flipspaces,MumbAI,OTHERS,2000000,Others,2021
GoKwik,New Delhi,EV,5000000,Others,2021
Proeon,Pune,OTHERS,2000000,Others,2021
Cogos EVnologies,Bangalore,OTHERS,2000000,Others,2021
Gigforce,Gurugram,OTHERS,3000000,Others,2021
Vahdam,New Delhi,FOOD,20000000,Series D,2021
Leap FINANCE,Bangalore,FINANCE,55000000,Series C,2021
CollegeDekho,Gurugram,EV,26000000,Series B,2021
WeRize,Bangalore,FINANCE,8000000,Series A,2021
Dyte,Bengaluru,OTHERS,15300000,undisclosed,2022
Kirana Bazaar,Gurgaon,OTHERS,32800000,undisclosed,2022
Phool,kanpur,OTHERS,9400000,undisclosed,2022
Doceree,Parsippany,EV,12000000,undisclosed,2022
Acko,MumbAI,HEALTH,458000000,Series D,2022
Meesho,Bangalore,OTHERS,1100000000,Series F,2022
NoBroker,Bangalore,OTHERS,426000000,Series E,2022
Paytm,Noida,FINANCE,1200000000,undisclosed,2022
ShareChat,Bangalore,OTHERS,1400000000,Series G,2022
Unacademy,Bangalore,OTHERS,838500000,Series H,2022
Urban Company,Gurgaon,FINANCE,445900000,Series H,2022
Xpressbees,Pune,FINANCE,577600000,Series F,2022
Accel,Palo Alto,FINANCE,18300000000,undisclosed,2022
Oyo,Gurgaon,OTHERS,550000000,Series F,2022
Eruditus,Bangalore,OTHERS,1200000000,Series E,2022
Ola,Kormangala,OTHERS,5000000000,Series J,2022
DAIlyHunt,Bangalore,OTHERS,2200000,undisclosed,2022
CARS24,Gurgaon,OTHERS,1300000000,Series G,2022
Pine Labs,Noida,EV,1200000000,undisclosed,2022
BharatPe,New delhi,FINANCE,700500000,Series E,2022
Blackbuck,Bengaluru,AI,364000000,Series E,2022
Droom,Haryana,EV,333000000,Series F,2022
MindTickle,San Francisco,AI,281000000,Series E,2022
Vedantu,Bangalore,OTHERS,292900000,Series E,2022
CoinDCX,Mumba,OTHERS,109000000,Series C,2022
Razorpay,Bangalore,FINANCE,741600000,Series F,2022
Licious,Bengaluru,FOOD,488700000,Series F,2022
CoinSwitch Kuber,Bangalore,FINANCE,300600000,Series C,2022
Rebel FOODs,Pune,OTHERS,14500000,Series F,2022
Gupshup,San Francisco,OTHERS,240000000,Series F,2022
IndiQube,Bengaluru,OTHERS,30000000,Others,2022
Verse Innovation,Bengaluru,AI,1700000000,Series J,2022
Lenskart,Faridabad,FINANCE,899300000,Others,2022
Upstox,MumbAI,FINANCE,29000000,undisclosed,2022
Appsforbharat,Bangalore,EV,23000000,undisclosed,2022
MoEngage,San Francisco,EV,133000000,undisclosed,2022
Mahindra Logistics,MumbAI,OTHERS,2500000000,undisclosed,2022
Enphase Energy,Petaluma,OTHERS,116000000,undisclosed,2022
Allegis Group,Maryland,OTHERS,60000000,Series C,2022
Slice,Newyork,FOOD,125000000,Series D,2022
Tata Digital,MumbAI,AI,50000000,undisclosed,2022
UpGrad,MumbAI,OTHERS,201000000,undisclosed,2022
Chalo,MumbAI,EV,61000000,Others,2022
Digits,San Francisco,FINANCE,97500000,Series C,2022
Frigate,Tiruchirappall,EV,17500000,undisclosed,2022
Wildermart,Bengaluru,FOOD,24000000,undisclosed,2022
GROWiT,Surat,EV,30000000,undisclosed,2022
Lauriko,Hyderabad,HEALTH,37000000,undisclosed,2022
PraEV Brands,MumbAI,AI,3000000,undisclosed,2022
Glip,Delaware,AI,3000000,Others,2022
Hubble,London,OTHERS,12300000,undisclosed,2022
Limechat,Faridabad,AI,5000000,Others,2022
Medisage,MumbAI,HEALTH,530000000,undisclosed,2022
Spyne,Gurgaon,AI,7000000,Series A,2022
Stockal,Newyork,FINANCE,14800000,Series A,2022
YouKraft,Banglore,OTHERS,76000000,Others,2022
Securden,Delaware,FOOD,11700000,Series A,2022
Mesh,San Jose,AI,16100000,Series A,2022
Last9,Santa Clara,AI,13000000,Series A,2022
LoadShare,Bangalore,OTHERS,40000000,Series C,2022
Waterfield Advisors,MumbAI,FINANCE,6000000,Series B,2022
OneTo11,Noida,OTHERS,2500000,Others,2022
Jar,Bangalore,FINANCE,32000000,Series A,2022
Pillow,Bangalore,FINANCE,3000000,Others,2022
SatSure,Bangalore,OTHERS,5000000,Others,2022
Dvara SmartGold,MumbAI,FINANCE,2000000,Others,2022
Goldsetu,Bangalore,AI,1200000,Others,2022
Livspace,Bangalore,OTHERS,180000000,Series F,2022
ElasticRun,Pune,OTHERS,300000000,Series E,2022
Kofluence,Bangalore,FINANCE,4000000,Others,2022
Sprinto,Bangalore,AI,10000000,Series A,2022
Xpressbees,Pune,OTHERS,300000000,Series F,2022
Wealthy.in,Bangalore,FINANCE,7500000,Series A,2022
xto10x,Bangalore,EV,25000000,Series A,2022
Karbon Card,Bangalore,FINANCE,15000000,Series A,2022
Oloid,Bangalore,AI,12000000,Series A,2022
Bugworks,Bangalore,EV,18000000,Others,2022
Peakperformer,Bangalore,OTHERS,3000000,Others,2022
Carbanio,Hyderabad,OTHERS,1300000,Others,2022
Spacejoy,Bangalore,OTHERS,4000000,Others,2022
Altigreen,Bangalore,EV,40000000,Series A,2022
Kenko Health,MumbAI,HEALTH,12000000,Series A,2022
Aulerth,Gurgaon,OTHERS,1100000,Others,2022
Entri.app,Kochin,OTHERS,7000000,Series A,2022
GOQii,MumbAI,HEALTH,50000000,Series C,2022
Proactive For Her,Bangalore,HEALTH,5500000,Series A,2022
Actyv.AI,Bangalore,AI,5000000,Others,2022
Lummo,Bangalore,AI,80000000,Series C,2022
Uniphore,ChennAI,AI,400000000,Series E,2022
AGRIM,Gurgaon,EV,10000000,Series A,2022
DealShare,Bangalore,FINANCE,45000000,Series E,2022
Propelld,Bangalore,FINANCE,35000000,Series B,2022
Increff,Bangalore,AI,12000000,Series B,2022
Krishify,Gurgaon,ENTERTAINMENT,6200000,Others,2022
Fleetx.io,Gurgaon,AI,19000000,Series B,2022
MediBuddy,Bangalore,HEALTH,125000000,Series C,2022
Chargeup,New Delhi,OTHERS,2500000,Others,2022
RetAInIQ,Bangalore,FINANCE,2300000,Others,2022
Adicube,Bangalore,FINANCE,1600000,Others,2022
Com Olho,Gurgaon,EV,2000000,Others,2022
SandLogic,Bangalore,AI,4000000,Others,2022
Shipsy,Gurgaon,AI,25000000,Series B,2022
Arrivae,MumbAI,OTHERS,9000000,Series B,2022
Bhanzu,Hyderabad,OTHERS,2000000,Others,2022
Kalvi,Bangalore,OTHERS,1700000,Others,2022
Aastey,MumbAI,OTHERS,1300000,Others,2022
DaMENSCH,Bangalore,OTHERS,10000000,Series B,2022
ClAImBuddy,Gurgaon,HEALTH,3000000,Others,2022
Geniemode,Gurgaon,OTHERS,7000000,Series A,2022
Exotel,Bangalore,OTHERS,40000000,Series D,2022
iD Fresh FOODs,Bangalore,OTHERS,60000000,Series D,2022
Freecultr,New Delhi,OTHERS,5000000,Others,2022
Rupifi,Bangalore,FINANCE,25000000,Series A,2022
Avataar,Bangalore,AI,45000000,Series B,2022
Power Gummies,New Delhi,HEALTH,6000000,Series A,2022
The ePlane Company,ChennAI,OTHERS,5000000,Others,2022
zeda.io,Bangalore,AI,1200000,Others,2022
Refyne,Bangalore,FINANCE,82000000,Series B,2022
Muvin,Bangalore,FINANCE,3000000,Others,2022
Traya,MumbAI,HEALTH,2200000,Others,2022
Pepul,ChennAI,AI,1300000,Others,2022
Kaleidofin,ChennAI,FINANCE,10000000,Series B,2022
Turnip,Bangalore,OTHERS,12000000,Series A,2022
Rooter,New Delhi,OTHERS,25000000,Series A,2022
EVage,Chandigarh,EV,28000000,Others,2022
Chingari,Bangalore,OTHERS,15000000,Series A,2022
Your-Space,New Delhi,HEALTH,10000000,Series A,2022
HEAPS,Bangalore,HEALTH,550000000,Series A,2022
nCORE Games,Bangalore,OTHERS,10000000,Series A,2022
Arya.Ag,Noida,EV,60000000,Series C,2022
Epigeneres BioEV,MumbAI,EV,60000000,Series B,2022
INDmoney,Gurgaon,FINANCE,75000000,Series D,2022
MyCaptAIn,Bangalore,EV,3000000,Others,2022
HUVIAIR,Bangalore,AI,3200000,Series A,2022
Scripbox,Bangalore,FINANCE,21000000,Series D,2022
Pluckk,MumbAI,FOOD,5000000,Others,2022
Dogsee Chew,Bangalore,FOOD,6700000,Series A,2022
Lummo,Bangalore,OTHERS,80000000,Series C,2022
Threedots,Bangalore,FINANCE,4000000,Others,2022
MatchLog,MumbAI,OTHERS,3000000,Others,2022
NowPurchase,Kolkata,OTHERS,2400000,Others,2022
Sahicoin,Gurgaon,FINANCE,1750000,Others,2022
AI Labs,Noida,AI,42000000,Series B,2022
StockGro,Bangalore,FINANCE,32000000,Series A,2022
GIVA,Bangalore,OTHERS,10000000,Series A,2022
Zuper,ChennAI,EV,13000000,Series A,2022
StanPlus,Hyderabad,HEALTH,20000000,Series A,2022
Hospals,New Delhi,HEALTH,3500000,Others,2022
HYPD,New Delhi,FINANCE,1500000,Others,2022
NowPurchase,Kolkata,EV,2400000,Others,2022
Darwinbox,Bangalore,EV,72000000,Series D,2022
Flint,Bangalore,FINANCE,5000000,Others,2022
Vajro,ChennAI,AI,8500000,Series A,2022
RAIse Financial,MumbAI,FINANCE,22000000,Series A,2022
Vyapar,Bangalore,FINANCE,30000000,Series B,2022
MinIO,Bangalore,AI,100000000,Series B,2022
Growth School,Bangalore,OTHERS,5000000,Others,2022
iMocha,Pune,AI,14000000,Series A,2022
SuperOps.AI,ChennAI,AI,14000000,Series A,2022
Aqgromalin,ChennAI,OTHERS,5000000,Others,2022
Moglix',Noida,AI,250000000,Series F,2022
MoooFarm,Gurgaon,EV,2400000,Others,2022
Locofast,New Delhi,OTHERS,15000000,Series A,2022
Snapmint,MumbAI,FINANCE,9000000,Series A,2022
Kuhoo,MumbAI,FINANCE,20000000,Others,2022
RupeeRedee,Gurgaon,FINANCE,1100000,Series B,2022
Prozo,Noida,OTHERS,10000000,Series A,2022
Pocketly,Bangalore,FINANCE,3000000,Others,2022
Zapkey,MumbAI,OTHERS,2000000,Others,2022
Lobb,Bangalore,EV,1100000,Others,2022
Filo,Haryana,OTHERS,23000000,Series A,2022
Pocket FM,Bangalore,OTHERS,65000000,Series C,2022
Junio,New Delhi,FINANCE,6000000,Others,2022
CredAvenue,ChennAI,FINANCE,137000000,Series B,2022
CaptAIn Fresh,Bangalore,OTHERS,50000000,Series C,2022
Otipy,Haryana,EV,32000000,Series B,2022
CureSkin,Bangalore,HEALTH,5000000,Series A,2022
Hiver,Bangalore,AI,22000000,Series B,2022
Money View,Bangalore,FINANCE,75000000,Series D,2022
CredoPay,ChennAI,FINANCE,5000000,Others,2022
Loco,Bangalore,OTHERS,40000000,Series A,2022
Kuku FM,MumbAI,OTHERS,20000000,Series B,2022
Metasky,Bangalore,EV,2000000,Others,2022
Birdeye,Gurgaon,AI,60000000,Series C,2022
inFeedo,Gurgaon,OTHERS,12000000,Series A,2022
Licious,Bangalore,FOOD,150000000,Others,2022
LILA Games,Bangalore,OTHERS,10000000,Series A,2022
Cosmofeed,Gurgaon,OTHERS,1500000,Others,2022
Shipskart,New Delhi,OTHERS,2700000,Series A,2022
ekincare,Hyderabad,HEALTH,15000000,Series B,2022
CommerceIQ,Bangalore,AI,115000000,Series D,2022
LEVerage Edu,New Delhi,OTHERS,22000000,Series B,2022
Oxyzo,Gurgaon,FINANCE,200000000,Series A,2022
Plum,MumbAI,OTHERS,35000000,Series C,2022
Vivriti Capital,ChennAI,FINANCE,55000000,Series C,2022
Pixxel,Bangalore,OTHERS,25000000,Series A,2022
EdgeGrid,Hyderabad,AI,6000000,Others,2022
Classplus,Noida,EV,70000000,Series D,2022
Pep EVnologies Pvt Ltd,MumbAI,OTHERS,30000000,Series C,2022
HackerRank,Bangalore,AI,60000000,Series D,2022
CityMall,Gurgaon,EV,75000000,Series C,2022
OSlash,Bangalore,AI,5000000,Others,2022
SuperK,"Small Towns, Andhra",FINANCE,5500000,Others,2022
CARD91,Bangalore,FINANCE,13000000,Others,2022
FarMart,Gurgaon,OTHERS,32000000,Series B,2022
Pi Beam Electric,ChennAI,OTHERS,1700000,Others,2022
Seekho.AI,Gurgaon,OTHERS,3000000,Others,2022
Wiz Freight,ChennAI,EV,36000000,Series A,2022
OneCode,Bangalore,FINANCE,13000000,Series A,2022
Kogta Financial,JAIpur,FINANCE,111000000,Series D,2022
KiarX,Ahemdabad,OTHERS,15000000,Others,2022
REVoh,ChennAI,EV,15000000,Others,2022
FlexifyMe,Pune,HEALTH,30000000,Others,2022
Red Basil EVnologies,Gurgaon,FOOD,2500000,Others,2022
ForeignAdmits,Bengaluru,OTHERS,67600000,Others,2022
Sploot,Gurgaon,OTHERS,50000000,Others,2022
Fanztar,Gurgaon,AI,5000000,Others,2022
Humpy Farms,MumbAI,OTHERS,5000000,Others,2022
NutriTap,Gurgaon,FOOD,12000000,Others,2022
Fyllo,Chicago,AI,9800000,Series C,2022
AssetPlus,ChennAI,FINANCE,28000000,Series A,2022
Kolo,Singapore,EV,4600000,Others,2022
BharatX,Benglaru,FINANCE,4800000,Others,2022
Hono,Haryana,AI,39000000,Series A,2022
Dyte,Bengaluru,OTHERS,15300000,undisclosed,2022
Kirana Bazaar,Gurgaon,OTHERS,32800000,undisclosed,2022
Phool,kanpur,OTHERS,9400000,undisclosed,2022
Doceree,Parsippany,EV,12000000,undisclosed,2022
Acko,MumbAI,HEALTH,458000000,Series D,2022
Meesho,Bangalore,OTHERS,1100000000,Series F,2022
NoBroker,Bangalore,OTHERS,426000000,Series E,2022
Paytm,Noida,FINANCE,1200000000,undisclosed,2022
ShareChat,Bangalore,OTHERS,1400000000,Series G,2022
Unacademy,Bangalore,OTHERS,838500000,Series H,2022
Urban Company,Gurgaon,FINANCE,445900000,Series H,2022
Xpressbees,Pune,FINANCE,577600000,Series F,2022
Accel,Palo Alto,FINANCE,18300000000,undisclosed,2022
Oyo,Gurgaon,OTHERS,550000000,Series F,2022
Eruditus,Bangalore,OTHERS,1200000000,Series E,2022
Ola,Kormangala,OTHERS,5000000000,Series J,2022
DAIlyHunt,Bangalore,OTHERS,2200000,undisclosed,2022
CARS24,Gurgaon,OTHERS,1300000000,Series G,2022
Pine Labs,Noida,EV,1200000000,undisclosed,2022
BharatPe,New delhi,FINANCE,700500000,Series E,2022
Blackbuck,Bengaluru,AI,364000000,Series E,2022
Droom,Haryana,EV,333000000,Series F,2022
MindTickle,San Francisco,AI,281000000,Series E,2022
Vedantu,Bangalore,OTHERS,292900000,Series E,2022
CoinDCX,Mumba,OTHERS,109000000,Series C,2022
Razorpay,Bangalore,FINANCE,741600000,Series F,2022
Licious,Bengaluru,FOOD,488700000,Series F,2022
CoinSwitch Kuber,Bangalore,FINANCE,300600000,Series C,2022
Rebel FOODs,Pune,OTHERS,14500000,Series F,2022
Gupshup,San Francisco,OTHERS,240000000,Series F,2022
IndiQube,Bengaluru,OTHERS,30000000,Others,2022
Verse Innovation,Bengaluru,AI,1700000000,Series J,2022
Lenskart,Faridabad,FINANCE,899300000,Others,2022
Upstox,MumbAI,FINANCE,29000000,undisclosed,2022
Appsforbharat,Bangalore,EV,23000000,undisclosed,2022
MoEngage,San Francisco,EV,133000000,undisclosed,2022
Mahindra Logistics,MumbAI,OTHERS,2500000000,undisclosed,2022
Enphase Energy,Petaluma,OTHERS,116000000,undisclosed,2022
Allegis Group,Maryland,OTHERS,60000000,Series C,2022
Slice,Newyork,FOOD,125000000,Series D,2022
Tata Digital,MumbAI,AI,50000000,undisclosed,2022
UpGrad,MumbAI,OTHERS,201000000,undisclosed,2022
Chalo,MumbAI,EV,61000000,Others,2022
Digits,San Francisco,FINANCE,97500000,Series C,2022
Frigate,Tiruchirappall,EV,17500000,undisclosed,2022
Wildermart,Bengaluru,FOOD,24000000,undisclosed,2022
GROWiT,Surat,EV,30000000,undisclosed,2022
Lauriko,Hyderabad,HEALTH,37000000,undisclosed,2022
PraEV Brands,MumbAI,AI,3000000,undisclosed,2022
Glip,Delaware,AI,3000000,Others,2022
Hubble,London,OTHERS,12300000,undisclosed,2022
Limechat,Faridabad,AI,5000000,Others,2022
Medisage,MumbAI,HEALTH,530000000,undisclosed,2022
Spyne,Gurgaon,AI,7000000,Series A,2022
Stockal,Newyork,FINANCE,14800000,Series A,2022
YouKraft,Banglore,OTHERS,76000000,Others,2022
Securden,Delaware,FOOD,11700000,Series A,2022
Mesh,San Jose,AI,16100000,Series A,2022
Last9,Santa Clara,AI,13000000,Series A,2022
LoadShare,Bangalore,OTHERS,40000000,Series C,2022
Waterfield Advisors,MumbAI,FINANCE,6000000,Series B,2022
OneTo11,Noida,OTHERS,2500000,Others,2022
Jar,Bangalore,FINANCE,32000000,Series A,2022
Pillow,Bangalore,FINANCE,3000000,Others,2022
SatSure,Bangalore,OTHERS,5000000,Others,2022
Dvara SmartGold,MumbAI,FINANCE,2000000,Others,2022
Goldsetu,Bangalore,AI,1200000,Others,2022
Livspace,Bangalore,OTHERS,180000000,Series F,2022
ElasticRun,Pune,OTHERS,300000000,Series E,2022
Kofluence,Bangalore,FINANCE,4000000,Others,2022
Sprinto,Bangalore,AI,10000000,Series A,2022
Xpressbees,Pune,OTHERS,300000000,Series F,2022
Wealthy.in,Bangalore,FINANCE,7500000,Series A,2022
xto10x,Bangalore,EV,25000000,Series A,2022
Karbon Card,Bangalore,FINANCE,15000000,Series A,2022
Oloid,Bangalore,AI,12000000,Series A,2022
Bugworks,Bangalore,EV,18000000,Others,2022
Peakperformer,Bangalore,OTHERS,3000000,Others,2022
Carbanio,Hyderabad,OTHERS,1300000,Others,2022
Spacejoy,Bangalore,OTHERS,4000000,Others,2022
Altigreen,Bangalore,EV,40000000,Series A,2022
Kenko Health,MumbAI,HEALTH,12000000,Series A,2022
Aulerth,Gurgaon,OTHERS,1100000,Others,2022
Entri.app,Kochin,OTHERS,7000000,Series A,2022
GOQii,MumbAI,HEALTH,50000000,Series C,2022
Proactive For Her,Bangalore,HEALTH,5500000,Series A,2022
Actyv.AI,Bangalore,AI,5000000,Others,2022
Lummo,Bangalore,AI,80000000,Series C,2022
Uniphore,ChennAI,AI,400000000,Series E,2022
AGRIM,Gurgaon,EV,10000000,Series A,2022
DealShare,Bangalore,FINANCE,45000000,Series E,2022
Propelld,Bangalore,FINANCE,35000000,Series B,2022
Increff,Bangalore,AI,12000000,Series B,2022
Krishify,Gurgaon,ENTERTAINMENT,6200000,Others,2022
Fleetx.io,Gurgaon,AI,19000000,Series B,2022
MediBuddy,Bangalore,HEALTH,125000000,Series C,2022
Chargeup,New Delhi,OTHERS,2500000,Others,2022
RetAInIQ,Bangalore,FINANCE,2300000,Others,2022
Adicube,Bangalore,FINANCE,1600000,Others,2022
Com Olho,Gurgaon,EV,2000000,Others,2022
SandLogic,Bangalore,AI,4000000,Others,2022
Shipsy,Gurgaon,AI,25000000,Series B,2022
Arrivae,MumbAI,OTHERS,9000000,Series B,2022
Bhanzu,Hyderabad,OTHERS,2000000,Others,2022
Kalvi,Bangalore,OTHERS,1700000,Others,2022
Aastey,MumbAI,OTHERS,1300000,Others,2022
DaMENSCH,Bangalore,OTHERS,10000000,Series B,2022
ClAImBuddy,Gurgaon,HEALTH,3000000,Others,2022
Geniemode,Gurgaon,OTHERS,7000000,Series A,2022
Exotel,Bangalore,OTHERS,40000000,Series D,2022
iD Fresh FOODs,Bangalore,OTHERS,60000000,Series D,2022
Freecultr,New Delhi,OTHERS,5000000,Others,2022
Rupifi,Bangalore,FINANCE,25000000,Series A,2022
Avataar,Bangalore,AI,45000000,Series B,2022
Power Gummies,New Delhi,HEALTH,6000000,Series A,2022
The ePlane Company,ChennAI,OTHERS,5000000,Others,2022
zeda.io,Bangalore,AI,1200000,Others,2022
Refyne,Bangalore,FINANCE,82000000,Series B,2022
Muvin,Bangalore,FINANCE,3000000,Others,2022
Traya,MumbAI,HEALTH,2200000,Others,2022
Pepul,ChennAI,AI,1300000,Others,2022
Kaleidofin,ChennAI,FINANCE,10000000,Series B,2022
Turnip,Bangalore,OTHERS,12000000,Series A,2022
Rooter,New Delhi,OTHERS,25000000,Series A,2022
EVage,Chandigarh,EV,28000000,Others,2022
Chingari,Bangalore,OTHERS,15000000,Series A,2022
Your-Space,New Delhi,HEALTH,10000000,Series A,2022
HEAPS,Bangalore,HEALTH,550000000,Series A,2022
nCORE Games,Bangalore,OTHERS,10000000,Series A,2022
Arya.Ag,Noida,EV,60000000,Series C,2022
Epigeneres BioEV,MumbAI,EV,60000000,Series B,2022
INDmoney,Gurgaon,FINANCE,75000000,Series D,2022
MyCaptAIn,Bangalore,EV,3000000,Others,2022
HUVIAIR,Bangalore,AI,3200000,Series A,2022
Scripbox,Bangalore,FINANCE,21000000,Series D,2022
Pluckk,MumbAI,FOOD,5000000,Others,2022
Dogsee Chew,Bangalore,FOOD,6700000,Series A,2022
Lummo,Bangalore,OTHERS,80000000,Series C,2022
Threedots,Bangalore,FINANCE,4000000,Others,2022
MatchLog,MumbAI,OTHERS,3000000,Others,2022
NowPurchase,Kolkata,OTHERS,2400000,Others,2022
Sahicoin,Gurgaon,FINANCE,1750000,Others,2022
AI Labs,Noida,AI,42000000,Series B,2022
StockGro,Bangalore,FINANCE,32000000,Series A,2022
GIVA,Bangalore,OTHERS,10000000,Series A,2022
Zuper,ChennAI,EV,13000000,Series A,2022
StanPlus,Hyderabad,HEALTH,20000000,Series A,2022
Hospals,New Delhi,HEALTH,3500000,Others,2022
HYPD,New Delhi,FINANCE,1500000,Others,2022
NowPurchase,Kolkata,EV,2400000,Others,2022
Darwinbox,Bangalore,EV,72000000,Series D,2022
Flint,Bangalore,FINANCE,5000000,Others,2022
Vajro,ChennAI,AI,8500000,Series A,2022
RAIse Financial,MumbAI,FINANCE,22000000,Series A,2022
Vyapar,Bangalore,FINANCE,30000000,Series B,2022
MinIO,Bangalore,AI,100000000,Series B,2022
Growth School,Bangalore,OTHERS,5000000,Others,2022
iMocha,Pune,AI,14000000,Series A,2022
SuperOps.AI,ChennAI,AI,14000000,Series A,2022
Aqgromalin,ChennAI,OTHERS,5000000,Others,2022
Moglix',Noida,AI,250000000,Series F,2022
MoooFarm,Gurgaon,EV,2400000,Others,2022
Locofast,New Delhi,OTHERS,15000000,Series A,2022
Snapmint,MumbAI,FINANCE,9000000,Series A,2022
Kuhoo,MumbAI,FINANCE,20000000,Others,2022
RupeeRedee,Gurgaon,FINANCE,1100000,Series B,2022
Prozo,Noida,OTHERS,10000000,Series A,2022
Pocketly,Bangalore,FINANCE,3000000,Others,2022
Zapkey,MumbAI,OTHERS,2000000,Others,2022
Lobb,Bangalore,EV,1100000,Others,2022
Filo,Haryana,OTHERS,23000000,Series A,2022
Pocket FM,Bangalore,OTHERS,65000000,Series C,2022
Junio,New Delhi,FINANCE,6000000,Others,2022
CredAvenue,ChennAI,FINANCE,137000000,Series B,2022
CaptAIn Fresh,Bangalore,OTHERS,50000000,Series C,2022
Otipy,Haryana,EV,32000000,Series B,2022
CureSkin,Bangalore,HEALTH,5000000,Series A,2022
Hiver,Bangalore,AI,22000000,Series B,2022
Money View,Bangalore,FINANCE,75000000,Series D,2022
CredoPay,ChennAI,FINANCE,5000000,Others,2022
Loco,Bangalore,OTHERS,40000000,Series A,2022
Kuku FM,MumbAI,OTHERS,20000000,Series B,2022
Metasky,Bangalore,EV,2000000,Others,2022
Birdeye,Gurgaon,AI,60000000,Series C,2022
inFeedo,Gurgaon,OTHERS,12000000,Series A,2022
Licious,Bangalore,FOOD,150000000,Others,2022
LILA Games,Bangalore,OTHERS,10000000,Series A,2022
Cosmofeed,Gurgaon,OTHERS,1500000,Others,2022
Shipskart,New Delhi,OTHERS,2700000,Series A,2022
ekincare,Hyderabad,HEALTH,15000000,Series B,2022
CommerceIQ,Bangalore,AI,115000000,Series D,2022
LEVerage Edu,New Delhi,OTHERS,22000000,Series B,2022
Oxyzo,Gurgaon,FINANCE,200000000,Series A,2022
Plum,MumbAI,OTHERS,35000000,Series C,2022
Vivriti Capital,ChennAI,FINANCE,55000000,Series C,2022
Pixxel,Bangalore,OTHERS,25000000,Series A,2022
EdgeGrid,Hyderabad,AI,6000000,Others,2022
Classplus,Noida,EV,70000000,Series D,2022
Pep EVnologies Pvt Ltd,MumbAI,OTHERS,30000000,Series C,2022
HackerRank,Bangalore,AI,60000000,Series D,2022
CityMall,Gurgaon,EV,75000000,Series C,2022
OSlash,Bangalore,AI,5000000,Others,2022
SuperK,"Small Towns, Andhra",FINANCE,5500000,Others,2022
CARD91,Bangalore,FINANCE,13000000,Others,2022
FarMart,Gurgaon,OTHERS,32000000,Series B,2022
Pi Beam Electric,ChennAI,OTHERS,1700000,Others,2022
Seekho.AI,Gurgaon,OTHERS,3000000,Others,2022
Wiz Freight,ChennAI,EV,36000000,Series A,2022
OneCode,Bangalore,FINANCE,13000000,Series A,2022
Kogta Financial,JAIpur,FINANCE,111000000,Series D,2022
KiarX,Ahemdabad,OTHERS,15000000,Others,2022
REVoh,ChennAI,EV,15000000,Others,2022
FlexifyMe,Pune,HEALTH,30000000,Others,2022
Red Basil EVnologies,Gurgaon,FOOD,2500000,Others,2022
ForeignAdmits,Bengaluru,OTHERS,67600000,Others,2022
Sploot,Gurgaon,OTHERS,50000000,Others,2022
Fanztar,Gurgaon,AI,5000000,Others,2022
Humpy Farms,MumbAI,OTHERS,5000000,Others,2022
NutriTap,Gurgaon,FOOD,12000000,Others,2022
Fyllo,Chicago,AI,9800000,Series C,2022
AssetPlus,ChennAI,FINANCE,28000000,Series A,2022
Kolo,Singapore,EV,4600000,Others,2022
BharatX,Benglaru,FINANCE,4800000,Others,2022
Hono,Haryana,AI,39000000,Series A,2022
Dyte,Bengaluru,OTHERS,15300000,undisclosed,2022
Kirana Bazaar,Gurgaon,OTHERS,32800000,undisclosed,2022
Phool,kanpur,OTHERS,9400000,undisclosed,2022
Doceree,Parsippany,EV,12000000,undisclosed,2022
Acko,MumbAI,HEALTH,458000000,Series D,2022
Meesho,Bangalore,OTHERS,1100000000,Series F,2022
NoBroker,Bangalore,OTHERS,426000000,Series E,2022
Paytm,Noida,FINANCE,1200000000,undisclosed,2022
ShareChat,Bangalore,OTHERS,1400000000,Series G,2022
Unacademy,Bangalore,OTHERS,838500000,Series H,2022
Urban Company,Gurgaon,FINANCE,445900000,Series H,2022
Xpressbees,Pune,FINANCE,577600000,Series F,2022
Accel,Palo Alto,FINANCE,18300000000,undisclosed,2022
Oyo,Gurgaon,OTHERS,550000000,Series F,2022
Eruditus,Bangalore,OTHERS,1200000000,Series E,2022
Ola,Kormangala,OTHERS,5000000000,Series J,2022
DAIlyHunt,Bangalore,OTHERS,2200000,undisclosed,2022
CARS24,Gurgaon,OTHERS,1300000000,Series G,2022
Pine Labs,Noida,EV,1200000000,undisclosed,2022
BharatPe,New delhi,FINANCE,700500000,Series E,2022
Blackbuck,Bengaluru,AI,364000000,Series E,2022
Droom,Haryana,EV,333000000,Series F,2022
MindTickle,San Francisco,AI,281000000,Series E,2022
Vedantu,Bangalore,OTHERS,292900000,Series E,2022
CoinDCX,Mumba,OTHERS,109000000,Series C,2022
Razorpay,Bangalore,FINANCE,741600000,Series F,2022
Licious,Bengaluru,FOOD,488700000,Series F,2022
CoinSwitch Kuber,Bangalore,FINANCE,300600000,Series C,2022
Rebel FOODs,Pune,OTHERS,14500000,Series F,2022
Gupshup,San Francisco,OTHERS,240000000,Series F,2022
IndiQube,Bengaluru,OTHERS,30000000,Others,2022
Verse Innovation,Bengaluru,AI,1700000000,Series J,2022
Lenskart,Faridabad,FINANCE,899300000,Others,2022
Upstox,MumbAI,FINANCE,29000000,undisclosed,2022
Appsforbharat,Bangalore,EV,23000000,undisclosed,2022
MoEngage,San Francisco,EV,133000000,undisclosed,2022
Mahindra Logistics,MumbAI,OTHERS,2500000000,undisclosed,2022
Enphase Energy,Petaluma,OTHERS,116000000,undisclosed,2022
Allegis Group,Maryland,OTHERS,60000000,Series C,2022
Slice,Newyork,FOOD,125000000,Series D,2022
Tata Digital,MumbAI,AI,50000000,undisclosed,2022
UpGrad,MumbAI,OTHERS,201000000,undisclosed,2022
Chalo,MumbAI,EV,61000000,Others,2022
Digits,San Francisco,FINANCE,97500000,Series C,2022
Frigate,Tiruchirappall,EV,17500000,undisclosed,2022
Wildermart,Bengaluru,FOOD,24000000,undisclosed,2022
GROWiT,Surat,EV,30000000,undisclosed,2022
Lauriko,Hyderabad,HEALTH,37000000,undisclosed,2022
PraEV Brands,MumbAI,AI,3000000,undisclosed,2022
Glip,Delaware,AI,3000000,Others,2022
Hubble,London,OTHERS,12300000,undisclosed,2022
Limechat,Faridabad,AI,5000000,Others,2022
Medisage,MumbAI,HEALTH,530000000,undisclosed,2022
Spyne,Gurgaon,AI,7000000,Series A,2022
Stockal,Newyork,FINANCE,14800000,Series A,2022
YouKraft,Banglore,OTHERS,76000000,Others,2022
Securden,Delaware,FOOD,11700000,Series A,2022
Mesh,San Jose,AI,16100000,Series A,2022
Last9,Santa Clara,AI,13000000,Series A,2022
LoadShare,Bangalore,OTHERS,40000000,Series C,2022
Waterfield Advisors,MumbAI,FINANCE,6000000,Series B,2022
OneTo11,Noida,OTHERS,2500000,Others,2022
Jar,Bangalore,FINANCE,32000000,Series A,2022
Pillow,Bangalore,FINANCE,3000000,Others,2022
SatSure,Bangalore,OTHERS,5000000,Others,2022
Dvara SmartGold,MumbAI,FINANCE,2000000,Others,2022
Goldsetu,Bangalore,AI,1200000,Others,2022
Livspace,Bangalore,OTHERS,180000000,Series F,2022
ElasticRun,Pune,OTHERS,300000000,Series E,2022
Kofluence,Bangalore,FINANCE,4000000,Others,2022
Sprinto,Bangalore,AI,10000000,Series A,2022
Xpressbees,Pune,OTHERS,300000000,Series F,2022
Wealthy.in,Bangalore,FINANCE,7500000,Series A,2022
xto10x,Bangalore,EV,25000000,Series A,2022
Karbon Card,Bangalore,FINANCE,15000000,Series A,2022
Oloid,Bangalore,AI,12000000,Series A,2022
Bugworks,Bangalore,EV,18000000,Others,2022
Peakperformer,Bangalore,OTHERS,3000000,Others,2022
Carbanio,Hyderabad,OTHERS,1300000,Others,2022
Spacejoy,Bangalore,OTHERS,4000000,Others,2022
Altigreen,Bangalore,EV,40000000,Series A,2022
Kenko Health,MumbAI,HEALTH,12000000,Series A,2022
Aulerth,Gurgaon,OTHERS,1100000,Others,2022
Entri.app,Kochin,OTHERS,7000000,Series A,2022
GOQii,MumbAI,HEALTH,50000000,Series C,2022
Proactive For Her,Bangalore,HEALTH,5500000,Series A,2022
Actyv.AI,Bangalore,AI,5000000,Others,2022
Lummo,Bangalore,AI,80000000,Series C,2022
Uniphore,ChennAI,AI,400000000,Series E,2022
AGRIM,Gurgaon,EV,10000000,Series A,2022
DealShare,Bangalore,FINANCE,45000000,Series E,2022
Propelld,Bangalore,FINANCE,35000000,Series B,2022
Increff,Bangalore,AI,12000000,Series B,2022
Krishify,Gurgaon,ENTERTAINMENT,6200000,Others,2022
Fleetx.io,Gurgaon,AI,19000000,Series B,2022
MediBuddy,Bangalore,HEALTH,125000000,Series C,2022
Chargeup,New Delhi,OTHERS,2500000,Others,2022
RetAInIQ,Bangalore,FINANCE,2300000,Others,2022
Adicube,Bangalore,FINANCE,1600000,Others,2022
Com Olho,Gurgaon,EV,2000000,Others,2022
SandLogic,Bangalore,AI,4000000,Others,2022
Shipsy,Gurgaon,AI,25000000,Series B,2022
Arrivae,MumbAI,OTHERS,9000000,Series B,2022
Bhanzu,Hyderabad,OTHERS,2000000,Others,2022
Kalvi,Bangalore,OTHERS,1700000,Others,2022
Aastey,MumbAI,OTHERS,1300000,Others,2022
DaMENSCH,Bangalore,OTHERS,10000000,Series B,2022
ClAImBuddy,Gurgaon,HEALTH,3000000,Others,2022
Geniemode,Gurgaon,OTHERS,7000000,Series A,2022
Exotel,Bangalore,OTHERS,40000000,Series D,2022
iD Fresh FOODs,Bangalore,OTHERS,60000000,Series D,2022
Freecultr,New Delhi,OTHERS,5000000,Others,2022
Rupifi,Bangalore,FINANCE,25000000,Series A,2022
Avataar,Bangalore,AI,45000000,Series B,2022
Power Gummies,New Delhi,HEALTH,6000000,Series A,2022
The ePlane Company,ChennAI,OTHERS,5000000,Others,2022
zeda.io,Bangalore,AI,1200000,Others,2022
Refyne,Bangalore,FINANCE,82000000,Series B,2022
Muvin,Bangalore,FINANCE,3000000,Others,2022
Traya,MumbAI,HEALTH,2200000,Others,2022
Pepul,ChennAI,AI,1300000,Others,2022
Kaleidofin,ChennAI,FINANCE,10000000,Series B,2022
Turnip,Bangalore,OTHERS,12000000,Series A,2022
Rooter,New Delhi,OTHERS,25000000,Series A,2022
EVage,Chandigarh,EV,28000000,Others,2022
Chingari,Bangalore,OTHERS,15000000,Series A,2022
Your-Space,New Delhi,HEALTH,10000000,Series A,2022
HEAPS,Bangalore,HEALTH,550000000,Series A,2022
nCORE Games,Bangalore,OTHERS,10000000,Series A,2022
Arya.Ag,Noida,EV,60000000,Series C,2022
Epigeneres BioEV,MumbAI,EV,60000000,Series B,2022
INDmoney,Gurgaon,FINANCE,75000000,Series D,2022
MyCaptAIn,Bangalore,EV,3000000,Others,2022
HUVIAIR,Bangalore,AI,3200000,Series A,2022
Scripbox,Bangalore,FINANCE,21000000,Series D,2022
Pluckk,MumbAI,FOOD,5000000,Others,2022
Dogsee Chew,Bangalore,FOOD,6700000,Series A,2022
Lummo,Bangalore,OTHERS,80000000,Series C,2022
Threedots,Bangalore,FINANCE,4000000,Others,2022
MatchLog,MumbAI,OTHERS,3000000,Others,2022
NowPurchase,Kolkata,OTHERS,2400000,Others,2022
Sahicoin,Gurgaon,FINANCE,1750000,Others,2022
AI Labs,Noida,AI,42000000,Series B,2022
StockGro,Bangalore,FINANCE,32000000,Series A,2022
GIVA,Bangalore,OTHERS,10000000,Series A,2022
Zuper,ChennAI,EV,13000000,Series A,2022
StanPlus,Hyderabad,HEALTH,20000000,Series A,2022
Hospals,New Delhi,HEALTH,3500000,Others,2022
HYPD,New Delhi,FINANCE,1500000,Others,2022
NowPurchase,Kolkata,EV,2400000,Others,2022
Darwinbox,Bangalore,EV,72000000,Series D,2022
Flint,Bangalore,FINANCE,5000000,Others,2022
Vajro,ChennAI,AI,8500000,Series A,2022
RAIse Financial,MumbAI,FINANCE,22000000,Series A,2022
Vyapar,Bangalore,FINANCE,30000000,Series B,2022
MinIO,Bangalore,AI,100000000,Series B,2022
Growth School,Bangalore,OTHERS,5000000,Others,2022
iMocha,Pune,AI,14000000,Series A,2022
SuperOps.AI,ChennAI,AI,14000000,Series A,2022
Aqgromalin,ChennAI,OTHERS,5000000,Others,2022
Moglix',Noida,AI,250000000,Series F,2022
MoooFarm,Gurgaon,EV,2400000,Others,2022
Locofast,New Delhi,OTHERS,15000000,Series A,2022
Snapmint,MumbAI,FINANCE,9000000,Series A,2022
Kuhoo,MumbAI,FINANCE,20000000,Others,2022
RupeeRedee,Gurgaon,FINANCE,1100000,Series B,2022
Prozo,Noida,OTHERS,10000000,Series A,2022
Pocketly,Bangalore,FINANCE,3000000,Others,2022
Zapkey,MumbAI,OTHERS,2000000,Others,2022
Lobb,Bangalore,EV,1100000,Others,2022
Filo,Haryana,OTHERS,23000000,Series A,2022
Pocket FM,Bangalore,OTHERS,65000000,Series C,2022
Junio,New Delhi,FINANCE,6000000,Others,2022
CredAvenue,ChennAI,FINANCE,137000000,Series B,2022
CaptAIn Fresh,Bangalore,OTHERS,50000000,Series C,2022
Otipy,Haryana,EV,32000000,Series B,2022
CureSkin,Bangalore,HEALTH,5000000,Series A,2022
Hiver,Bangalore,AI,22000000,Series B,2022
Money View,Bangalore,FINANCE,75000000,Series D,2022
CredoPay,ChennAI,FINANCE,5000000,Others,2022
Loco,Bangalore,OTHERS,40000000,Series A,2022
Kuku FM,MumbAI,OTHERS,20000000,Series B,2022
Metasky,Bangalore,EV,2000000,Others,2022
Birdeye,Gurgaon,AI,60000000,Series C,2022
inFeedo,Gurgaon,OTHERS,12000000,Series A,2022
Licious,Bangalore,FOOD,150000000,Others,2022
LILA Games,Bangalore,OTHERS,10000000,Series A,2022
Cosmofeed,Gurgaon,OTHERS,1500000,Others,2022
Shipskart,New Delhi,OTHERS,2700000,Series A,2022
ekincare,Hyderabad,HEALTH,15000000,Series B,2022
CommerceIQ,Bangalore,AI,115000000,Series D,2022
LEVerage Edu,New Delhi,OTHERS,22000000,Series B,2022
Oxyzo,Gurgaon,FINANCE,200000000,Series A,2022
Plum,MumbAI,OTHERS,35000000,Series C,2022
Vivriti Capital,ChennAI,FINANCE,55000000,Series C,2022
Pixxel,Bangalore,OTHERS,25000000,Series A,2022
EdgeGrid,Hyderabad,AI,6000000,Others,2022
Classplus,Noida,EV,70000000,Series D,2022
Pep EVnologies Pvt Ltd,MumbAI,OTHERS,30000000,Series C,2022
HackerRank,Bangalore,AI,60000000,Series D,2022
CityMall,Gurgaon,EV,75000000,Series C,2022
OSlash,Bangalore,AI,5000000,Others,2022
SuperK,"Small Towns, Andhra",FINANCE,5500000,Others,2022
CARD91,Bangalore,FINANCE,13000000,Others,2022
FarMart,Gurgaon,OTHERS,32000000,Series B,2022
Pi Beam Electric,ChennAI,OTHERS,1700000,Others,2022
Seekho.AI,Gurgaon,OTHERS,3000000,Others,2022
Wiz Freight,ChennAI,EV,36000000,Series A,2022
OneCode,Bangalore,FINANCE,13000000,Series A,2022
Kogta Financial,JAIpur,FINANCE,111000000,Series D,2022
KiarX,Ahemdabad,OTHERS,15000000,Others,2022
REVoh,ChennAI,EV,15000000,Others,2022
FlexifyMe,Pune,HEALTH,30000000,Others,2022
Red Basil EVnologies,Gurgaon,FOOD,2500000,Others,2022
ForeignAdmits,Bengaluru,OTHERS,67600000,Others,2022
Sploot,Gurgaon,OTHERS,50000000,Others,2022
Fanztar,Gurgaon,AI,5000000,Others,2022
Humpy Farms,MumbAI,OTHERS,5000000,Others,2022
NutriTap,Gurgaon,FOOD,12000000,Others,2022
Fyllo,Chicago,AI,9800000,Series C,2022
AssetPlus,ChennAI,FINANCE,28000000,Series A,2022
Kolo,Singapore,EV,4600000,Others,2022
BharatX,Benglaru,FINANCE,4800000,Others,2022
Hono,Haryana,AI,39000000,Series A,2022
Dyte,Bengaluru,OTHERS,15300000,undisclosed,2022
Kirana Bazaar,Gurgaon,OTHERS,32800000,undisclosed,2022
Phool,kanpur,OTHERS,9400000,undisclosed,2022
Doceree,Parsippany,EV,12000000,undisclosed,2022
Acko,MumbAI,HEALTH,458000000,Series D,2022
Meesho,Bangalore,OTHERS,1100000000,Series F,2022
NoBroker,Bangalore,OTHERS,426000000,Series E,2022
Paytm,Noida,FINANCE,1200000000,undisclosed,2022
ShareChat,Bangalore,OTHERS,1400000000,Series G,2022
Unacademy,Bangalore,OTHERS,838500000,Series H,2022
Urban Company,Gurgaon,FINANCE,445900000,Series H,2022
Xpressbees,Pune,FINANCE,577600000,Series F,2022
Accel,Palo Alto,FINANCE,18300000000,undisclosed,2022
Oyo,Gurgaon,OTHERS,550000000,Series F,2022
Eruditus,Bangalore,OTHERS,1200000000,Series E,2022
Ola,Kormangala,OTHERS,5000000000,Series J,2022
DAIlyHunt,Bangalore,OTHERS,2200000,undisclosed,2022
CARS24,Gurgaon,OTHERS,1300000000,Series G,2022
Pine Labs,Noida,EV,1200000000,undisclosed,2022
BharatPe,New delhi,FINANCE,700500000,Series E,2022
Blackbuck,Bengaluru,AI,364000000,Series E,2022
Droom,Haryana,EV,333000000,Series F,2022
MindTickle,San Francisco,AI,281000000,Series E,2022
Vedantu,Bangalore,OTHERS,292900000,Series E,2022
CoinDCX,Mumba,OTHERS,109000000,Series C,2022
Razorpay,Bangalore,FINANCE,741600000,Series F,2022
Licious,Bengaluru,FOOD,488700000,Series F,2022
CoinSwitch Kuber,Bangalore,FINANCE,300600000,Series C,2022
Rebel FOODs,Pune,OTHERS,14500000,Series F,2022
Gupshup,San Francisco,OTHERS,240000000,Series F,2022
IndiQube,Bengaluru,OTHERS,30000000,Others,2022
Verse Innovation,Bengaluru,AI,1700000000,Series J,2022
Lenskart,Faridabad,FINANCE,899300000,Others,2022
Upstox,MumbAI,FINANCE,29000000,undisclosed,2022
Appsforbharat,Bangalore,EV,23000000,undisclosed,2022
MoEngage,San Francisco,EV,133000000,undisclosed,2022
Mahindra Logistics,MumbAI,OTHERS,2500000000,undisclosed,2022
Enphase Energy,Petaluma,OTHERS,116000000,undisclosed,2022
Allegis Group,Maryland,OTHERS,60000000,Series C,2022
Slice,Newyork,FOOD,125000000,Series D,2022
Tata Digital,MumbAI,AI,50000000,undisclosed,2022
UpGrad,MumbAI,OTHERS,201000000,undisclosed,2022
Chalo,MumbAI,EV,61000000,Others,2022
Digits,San Francisco,FINANCE,97500000,Series C,2022
Frigate,Tiruchirappall,EV,17500000,undisclosed,2022
Wildermart,Bengaluru,FOOD,24000000,undisclosed,2022
GROWiT,Surat,EV,30000000,undisclosed,2022
Lauriko,Hyderabad,HEALTH,37000000,undisclosed,2022
PraEV Brands,MumbAI,AI,3000000,undisclosed,2022
Glip,Delaware,AI,3000000,Others,2022
Hubble,London,OTHERS,12300000,undisclosed,2022
Limechat,Faridabad,AI,5000000,Others,2022
Medisage,MumbAI,HEALTH,530000000,undisclosed,2022
Spyne,Gurgaon,AI,7000000,Series A,2022
Stockal,Newyork,FINANCE,14800000,Series A,2022
YouKraft,Banglore,OTHERS,76000000,Others,2022
Securden,Delaware,FOOD,11700000,Series A,2022
Mesh,San Jose,AI,16100000,Series A,2022
Last9,Santa Clara,AI,13000000,Series A,2022
LoadShare,Bangalore,OTHERS,40000000,Series C,2022
Waterfield Advisors,MumbAI,FINANCE,6000000,Series B,2022
OneTo11,Noida,OTHERS,2500000,Others,2022
Jar,Bangalore,FINANCE,32000000,Series A,2022
Pillow,Bangalore,FINANCE,3000000,Others,2022
SatSure,Bangalore,OTHERS,5000000,Others,2022
Dvara SmartGold,MumbAI,FINANCE,2000000,Others,2022
Goldsetu,Bangalore,AI,1200000,Others,2022
Livspace,Bangalore,OTHERS,180000000,Series F,2022
ElasticRun,Pune,OTHERS,300000000,Series E,2022
Kofluence,Bangalore,FINANCE,4000000,Others,2022
Sprinto,Bangalore,AI,10000000,Series A,2022
Xpressbees,Pune,OTHERS,300000000,Series F,2022
Wealthy.in,Bangalore,FINANCE,7500000,Series A,2022
xto10x,Bangalore,EV,25000000,Series A,2022
Karbon Card,Bangalore,FINANCE,15000000,Series A,2022
Oloid,Bangalore,AI,12000000,Series A,2022
Bugworks,Bangalore,EV,18000000,Others,2022
Peakperformer,Bangalore,OTHERS,3000000,Others,2022
Carbanio,Hyderabad,OTHERS,1300000,Others,2022
Spacejoy,Bangalore,OTHERS,4000000,Others,2022
Altigreen,Bangalore,EV,40000000,Series A,2022
Kenko Health,MumbAI,HEALTH,12000000,Series A,2022
Aulerth,Gurgaon,OTHERS,1100000,Others,2022
Entri.app,Kochin,OTHERS,7000000,Series A,2022
GOQii,MumbAI,HEALTH,50000000,Series C,2022
Proactive For Her,Bangalore,HEALTH,5500000,Series A,2022
Actyv.AI,Bangalore,AI,5000000,Others,2022
Lummo,Bangalore,AI,80000000,Series C,2022
Uniphore,ChennAI,AI,400000000,Series E,2022
AGRIM,Gurgaon,EV,10000000,Series A,2022
DealShare,Bangalore,FINANCE,45000000,Series E,2022
Propelld,Bangalore,FINANCE,35000000,Series B,2022
Increff,Bangalore,AI,12000000,Series B,2022
Krishify,Gurgaon,ENTERTAINMENT,6200000,Others,2022
Fleetx.io,Gurgaon,AI,19000000,Series B,2022
MediBuddy,Bangalore,HEALTH,125000000,Series C,2022
Chargeup,New Delhi,OTHERS,2500000,Others,2022
RetAInIQ,Bangalore,FINANCE,2300000,Others,2022
Adicube,Bangalore,FINANCE,1600000,Others,2022
Com Olho,Gurgaon,EV,2000000,Others,2022
SandLogic,Bangalore,AI,4000000,Others,2022
Shipsy,Gurgaon,AI,25000000,Series B,2022
Arrivae,MumbAI,OTHERS,9000000,Series B,2022
Bhanzu,Hyderabad,OTHERS,2000000,Others,2022
Kalvi,Bangalore,OTHERS,1700000,Others,2022
Aastey,MumbAI,OTHERS,1300000,Others,2022
DaMENSCH,Bangalore,OTHERS,10000000,Series B,2022
ClAImBuddy,Gurgaon,HEALTH,3000000,Others,2022
Geniemode,Gurgaon,OTHERS,7000000,Series A,2022
Exotel,Bangalore,OTHERS,40000000,Series D,2022
iD Fresh FOODs,Bangalore,OTHERS,60000000,Series D,2022
Freecultr,New Delhi,OTHERS,5000000,Others,2022
Rupifi,Bangalore,FINANCE,25000000,Series A,2022
Avataar,Bangalore,AI,45000000,Series B,2022
Power Gummies,New Delhi,HEALTH,6000000,Series A,2022
The ePlane Company,ChennAI,OTHERS,5000000,Others,2022
zeda.io,Bangalore,AI,1200000,Others,2022
Refyne,Bangalore,FINANCE,82000000,Series B,2022
Muvin,Bangalore,FINANCE,3000000,Others,2022
Traya,MumbAI,HEALTH,2200000,Others,2022
Pepul,ChennAI,AI,1300000,Others,2022
Kaleidofin,ChennAI,FINANCE,10000000,Series B,2022
Turnip,Bangalore,OTHERS,12000000,Series A,2022
Rooter,New Delhi,OTHERS,25000000,Series A,2022
EVage,Chandigarh,EV,28000000,Others,2022
Chingari,Bangalore,OTHERS,15000000,Series A,2022
Your-Space,New Delhi,HEALTH,10000000,Series A,2022
HEAPS,Bangalore,HEALTH,550000000,Series A,2022
nCORE Games,Bangalore,OTHERS,10000000,Series A,2022
Arya.Ag,Noida,EV,60000000,Series C,2022
Epigeneres BioEV,MumbAI,EV,60000000,Series B,2022
INDmoney,Gurgaon,FINANCE,75000000,Series D,2022
MyCaptAIn,Bangalore,EV,3000000,Others,2022
HUVIAIR,Bangalore,AI,3200000,Series A,2022
Scripbox,Bangalore,FINANCE,21000000,Series D,2022
Pluckk,MumbAI,FOOD,5000000,Others,2022
Dogsee Chew,Bangalore,FOOD,6700000,Series A,2022
Lummo,Bangalore,OTHERS,80000000,Series C,2022
Threedots,Bangalore,FINANCE,4000000,Others,2022
MatchLog,MumbAI,OTHERS,3000000,Others,2022
NowPurchase,Kolkata,OTHERS,2400000,Others,2022
Sahicoin,Gurgaon,FINANCE,1750000,Others,2022
AI Labs,Noida,AI,42000000,Series B,2022
StockGro,Bangalore,FINANCE,32000000,Series A,2022
GIVA,Bangalore,OTHERS,10000000,Series A,2022
Zuper,ChennAI,EV,13000000,Series A,2022
StanPlus,Hyderabad,HEALTH,20000000,Series A,2022
Hospals,New Delhi,HEALTH,3500000,Others,2022
HYPD,New Delhi,FINANCE,1500000,Others,2022
NowPurchase,Kolkata,EV,2400000,Others,2022
Darwinbox,Bangalore,EV,72000000,Series D,2022
Flint,Bangalore,FINANCE,5000000,Others,2022
Vajro,ChennAI,AI,8500000,Series A,2022
RAIse Financial,MumbAI,FINANCE,22000000,Series A,2022
Vyapar,Bangalore,FINANCE,30000000,Series B,2022
MinIO,Bangalore,AI,100000000,Series B,2022
Growth School,Bangalore,OTHERS,5000000,Others,2022
iMocha,Pune,AI,14000000,Series A,2022
SuperOps.AI,ChennAI,AI,14000000,Series A,2022
Aqgromalin,ChennAI,OTHERS,5000000,Others,2022
Moglix',Noida,AI,250000000,Series F,2022
MoooFarm,Gurgaon,EV,2400000,Others,2022
Locofast,New Delhi,OTHERS,15000000,Series A,2022
Snapmint,MumbAI,FINANCE,9000000,Series A,2022
Kuhoo,MumbAI,FINANCE,20000000,Others,2022
RupeeRedee,Gurgaon,FINANCE,1100000,Series B,2022
Prozo,Noida,OTHERS,10000000,Series A,2022
Pocketly,Bangalore,FINANCE,3000000,Others,2022
Zapkey,MumbAI,OTHERS,2000000,Others,2022
Lobb,Bangalore,EV,1100000,Others,2022
Filo,Haryana,OTHERS,23000000,Series A,2022
Pocket FM,Bangalore,OTHERS,65000000,Series C,2022
Junio,New Delhi,FINANCE,6000000,Others,2022
CredAvenue,ChennAI,FINANCE,137000000,Series B,2022
CaptAIn Fresh,Bangalore,OTHERS,50000000,Series C,2022
Otipy,Haryana,EV,32000000,Series B,2022
CureSkin,Bangalore,HEALTH,5000000,Series A,2022
Hiver,Bangalore,AI,22000000,Series B,2022
Money View,Bangalore,FINANCE,75000000,Series D,2022
CredoPay,ChennAI,FINANCE,5000000,Others,2022
Loco,Bangalore,OTHERS,40000000,Series A,2022
Kuku FM,MumbAI,OTHERS,20000000,Series B,2022
Metasky,Bangalore,EV,2000000,Others,2022
Birdeye,Gurgaon,AI,60000000,Series C,2022
inFeedo,Gurgaon,OTHERS,12000000,Series A,2022
Licious,Bangalore,FOOD,150000000,Others,2022
LILA Games,Bangalore,OTHERS,10000000,Series A,2022
Cosmofeed,Gurgaon,OTHERS,1500000,Others,2022
Shipskart,New Delhi,OTHERS,2700000,Series A,2022
ekincare,Hyderabad,HEALTH,15000000,Series B,2022
CommerceIQ,Bangalore,AI,115000000,Series D,2022
LEVerage Edu,New Delhi,OTHERS,22000000,Series B,2022
Oxyzo,Gurgaon,FINANCE,200000000,Series A,2022
Plum,MumbAI,OTHERS,35000000,Series C,2022
Vivriti Capital,ChennAI,FINANCE,55000000,Series C,2022
Pixxel,Bangalore,OTHERS,25000000,Series A,2022
EdgeGrid,Hyderabad,AI,6000000,Others,2022
Classplus,Noida,EV,70000000,Series D,2022
Pep EVnologies Pvt Ltd,MumbAI,OTHERS,30000000,Series C,2022
HackerRank,Bangalore,AI,60000000,Series D,2022
CityMall,Gurgaon,EV,75000000,Series C,2022
OSlash,Bangalore,AI,5000000,Others,2022
SuperK,"Small Towns, Andhra",FINANCE,5500000,Others,2022
CARD91,Bangalore,FINANCE,13000000,Others,2022
FarMart,Gurgaon,OTHERS,32000000,Series B,2022
Pi Beam Electric,ChennAI,OTHERS,1700000,Others,2022
Seekho.AI,Gurgaon,OTHERS,3000000,Others,2022
Wiz Freight,ChennAI,EV,36000000,Series A,2022
OneCode,Bangalore,FINANCE,13000000,Series A,2022
Kogta Financial,JAIpur,FINANCE,111000000,Series D,2022
KiarX,Ahemdabad,OTHERS,15000000,Others,2022
REVoh,ChennAI,EV,15000000,Others,2022
FlexifyMe,Pune,HEALTH,30000000,Others,2022
Red Basil EVnologies,Gurgaon,FOOD,2500000,Others,2022
FirstCure Health,Noida,HEALTH,3500000,Others,2022
ForeignAdmits,Bengaluru,OTHERS,67600000,Others,2022
Sploot,Gurgaon,OTHERS,50000000,Others,2022
Fanztar,Gurgaon,AI,5000000,Others,2022
Humpy Farms,MumbAI,OTHERS,5000000,Others,2022
NutriTap,Gurgaon,FOOD,12000000,Others,2022
Fyllo,Chicago,AI,9800000,Series C,2022
AssetPlus,ChennAI,FINANCE,28000000,Series A,2022
Kolo,Singapore,EV,4600000,Others,2022
BharatX,Benglaru,FINANCE,4800000,Others,2022
Hono,Haryana,AI,39000000,Series A,2022
